Country (Name),State/Province,City,Latitude,Longitude
Romania,Alba,Alba Iulia,46.0687385,23.5704398
Romania,Alba,Albac,46.447786,22.9649845
Romania,Alba,Blaj,46.1741571,23.9224826
Romania,Alba,Fărău,46.3379675,24.0078593
Romania,Alba,Lopadea Nouă,46.290905,23.8190142
Romania,Alba,Cugir,45.8362888,23.3740955
Romania,Alba,Cîmpeni,46.363071,23.045945
Romania,Alba,Stremţ,46.2217171,23.6395043
Romania,Alba,Aiud,46.3108893,23.7188181
Romania,Alba,Abrud,46.2746751,23.0650287
Romania,Alba,Sebeş,45.9577309,23.5797925
Romania,Alba,Blandiana,45.9769441,23.38589
Romania,Alba,Zlatna,46.1113532,23.2247191
Romania,Alba,Lunca Mureşului,46.4280752,23.9097312
Romania,Alba,Rădeşti,46.2729365,23.7235506
Romania,Alba,Cenade,46.05872,24.0089171
Romania,Alba,Şugag,45.7756929,23.6269915
Romania,Alba,Lancram,45.9871823,23.5557007
Romania,Alba,Meteş,46.0973598,23.424221
Romania,Alba,Mihalţ,46.16005,23.7252731
Romania,Alba,Poiana Vadului,46.3956538,22.8832285
Romania,Alba,Mirăslău,46.3643618,23.7080214
Romania,Alba,Ciuruleasa,46.2557874,23.0338026
Romania,Alba,Sântimbru,46.1360753,23.6502973
Romania,Alba,Bucerdea Grânoasă,46.1928374,23.8395519
Romania,Alba,Horea,46.5020653,22.9500484
Romania,Alba,Cisteiu de Mureş,46.3774928,23.8130712
Romania,Alba,Cricău,46.1755773,23.5698624
Romania,Alba,Mănărade,46.1415823,23.9705507
Romania,Alba,Cergău Mare,46.0987226,23.9228248
Romania,Alba,Doştat,45.9708837,23.8427881
Romania,Alba,Vîrşi,55.32089,22.7173
Romania,Alba,Teiuş,46.2060789,23.6753302
Romania,Alba,CUGIR,45.8362888,23.3740955
Romania,Alba,Ocna Mureş,46.3814028,23.8577354
Romania,Alba,Bistra,46.3769228,23.1037288
Romania,Alba,Ighiu,46.1447556,23.5187599
Romania,Alba,Cergău,46.08724065,23.94503711
Romania,Alba,Unirea,46.4021876,23.811558
Romania,Alba,Mihoeşti,46.370427,23.0250249
Romania,Alba,Livezile,46.3472723,23.6477156
Romania,Alba,Sălciua de Sus,46.3936744,23.40244
Romania,Alba,Jidvei,46.2224475,24.1106119
Romania,Alba,Izvorul Ampoiului,46.1941961,23.1106551
Romania,Alba,Galda de Jos,46.1791936,23.6218337
Romania,Alba,CIMPENI,46.363071,23.045945
Romania,Alba,Scărişoara,46.4571581,22.8776176
Romania,Alba,Avram Iancu,46.3581643,22.8257225
Romania,Alba,Sâncel,46.200119,23.9457599
Romania,Alba,Vidra,46.3715363,22.8973653
Romania,Alba,Bucium,46.2640203,23.1790991
Romania,Alba,Pianu de Sus,45.8963176,23.4838633
Romania,Alba,Crăciunelu de Jos,46.1713394,23.8343694
Romania,Alba,Sîncel,46.200561,23.946436
Romania,Alba,AIUD,46.3108893,23.7188181
Romania,Alba,Roşia de Secaş,46.0569522,23.8886492
Romania,Alba,Şibot,45.9410607,23.3361763
Romania,Alba,Săsciori,45.8784938,23.5765045
Romania,Alba,Baia de Arieş,46.3802511,23.2812063
Romania,Alba,Vinţu de Jos,45.9944325,23.4855701
Romania,Alba,Almaşu Mare,46.0977068,23.1290743
Romania,Alba,Şona,46.2192568,24.0160474
Romania,Alba,Ocoliş,46.4787354,23.4660799
Romania,Alba,ABRUD,46.2746751,23.0650287
Romania,Alba,Daia Română,46.0070884,23.6681588
Romania,Alba,Ciugud,46.0460646,23.612864
Romania,Alba,ALBA IULIA,46.0687385,23.5704398
Romania,Alba,Câmpeni,46.3648431,23.0508775
Romania,Alba,Poşaga,46.4408159,23.4244644
Romania,Alba,Ponor,46.3351172,23.4024522
Romania,Alba,Vadu Moţilor,46.3950087,22.9667152
Romania,Alba,Bărăbanţ,46.0993043,23.584868
Romania,Alba,Cut,45.9397245,23.6671934
Romania,Alba,Noşlac,46.4042792,23.9328441
Romania,Alba,Mogoş,46.2755388,23.2803795
Romania,Alba,Sohodol,46.4711032,22.9484125
Romania,Alba,ZLATNA,46.1113532,23.2247191
Romania,Alba,Gârda de Sus,46.4554349,22.8285529
Romania,Alba,Ceru-Băcăinţi,45.9736942,23.271899
Romania,Alba,Fericet,46.4868248,22.9404544
Romania,Alba,Berghin,46.0763002,23.7393617
Romania,Alba,Rimetea,46.4531027,23.5676421
Romania,Alba,Cîlnic,45.887438,23.658723
Romania,Alba,Tiur,46.1600883,23.88927
Romania,Alba,OCNA MURES,46.3814028,23.8577354
Romania,Alba,Hopârta,46.3213371,23.8724447
Romania,Alba,Cetatea de Balta,46.2479378,24.172445
Romania,Alba,Oarda,46.032317,23.5679394
Romania,Alba,Sălciua de Jos,46.3985516,23.4212175
Romania,Alba,Ohaba,46.0705867,23.7894389
Romania,Alba,Ciumbrud,46.3080965,23.762224
Romania,Alba,Săliştea,45.9037806,23.4032364
Romania,Alba,Miceşti,46.1013257,23.5557314
Romania,Alba,Petreşti,45.9208326,23.5607939
Romania,Alba,Poşaga de Jos,46.4308885,23.4389112
Romania,Alba,Şpring,45.9745886,23.7773831
Romania,Alba,Roşia Montană,46.3062526,23.1309849
Romania,Alba,Răhău,45.9039451,23.6206531
Romania,Alba,Draşov,45.9375707,23.7425356
Romania,Alba,Lunca Bisericii,46.3673605,22.8786528
Romania,Alba,Valea Lungă,46.1259241,24.045406
Romania,Alba,Râmeţ,46.3142155,23.5281887
Romania,Alba,Gîrda de Sus,55.38831,23.16429
Romania,Alba,SEBES,45.9577309,23.5797925
Romania,Alba,STREMT,46.2217171,23.6395043
Romania,Alba,Întregalde,46.2376561,23.4116184
Romania,Alba,BLAJ,46.1741571,23.9224826
Romania,Alba,Lupşa,46.3687494,23.2060259
Romania,Alba,Vinerea,45.8860544,23.3530441
Romania,Alba,Arieşeni,46.4762447,22.7579046
Romania,Alba,Feneş,46.1043071,23.2951099
Romania,Alba,Uioara de Sus,46.3897996,23.8800787
Romania,Alba,Geomal,46.2614374,23.6219283
Romania,Alba,Valea Caselor,46.3983574,23.0336157
Romania,Alba,Şard,46.122287,23.532457
Romania,Alba,Geoagiu de Sus,46.2545291,23.5925746
Romania,Alba,Sebeşel,45.8876792,23.5656543
Romania,Alba,Colţeşti,46.4214978,23.5597917
Romania,Alba,Tău Bistra,45.683479,23.5855132
Romania,Alba,Cergau Mare ,46.0987226,23.9228248
Romania,Alba,Bobareşti,46.3416092,22.9865076
Romania,Alba,Brăzeşti,46.398486,23.3185118
Romania,Alba,Cheia,46.299791,23.4553428
Romania,Alba,Turdaş,46.3062032,23.9184091
Romania,Alba,Aiudul de Sus,46.3219084,23.6843653
Romania,Alba,Petrisat,46.1929826,23.9173475
Romania,Alba,Ungurei,46.0165893,23.8290325
Romania,Alba,Coşlariu,46.1578128,23.6882775
Romania,Alba,Şeuşa,46.0597111,23.6273924
Romania,Alba,Balomiru de Cîmp,45.941252,23.35787
Romania,Alba,Valea Mănăstirii,46.3033676,23.5099101
Romania,Alba,Ormeniş,46.3967342,23.7179435
Romania,Alba,Tăuni,46.1506829,24.1316394
Romania,Alba,Limba,46.0399937,23.5976894
Romania,Alba,Dobra,45.7691276,23.6421788
Romania,Alba,Vălişoara,46.3884675,23.5625669
Romania,Alba,Henig,46.1057602,23.7308893
Romania,Alba,Mescreac,46.2412085,23.7386977
Romania,Alba,Cib,46.0610801,23.1902345
Romania,Alba,Drâmbar,46.076592,23.6301388
Romania,Alba,Ghirbom,46.0347609,23.7232888
Romania,Alba,Reciu,45.8649687,23.673749
Romania,Alba,Lunca Tîrnavei,46.37808,22.94484
Romania,Alba,Oraş Teiuş,45.533718,-122.417392
Romania,Alba,Vingard,46.0131722,23.7469574
Romania,Alba,Tărtăria,45.9334267,23.4120734
Romania,Alba,Vale în Jos,46.349477,23.4355378
Romania,Alba,Vurpăr,46.0040301,23.472674
Romania,Alba,Mesentea,46.1933012,23.6038157
Romania,Alba,Pâclişa,46.0477383,23.5210847
Romania,Alba,Morăreşti,46.2226146,23.0239488
Romania,Alba,Lazuri,46.3634735,23.0235933
Romania,Alba,Oiejdea,46.1575643,23.6323137
Romania,Alba,Obreja,46.1742866,23.7640552
Romania,Alba,Mărtinie,45.7899923,23.5832396
Romania,Alba,Corna,46.2886687,23.1254222
Romania,Alba,Şilea,46.3269851,24.1139345
Romania,Alba,Bucerdea Vinoasa,46.163279,23.5290405
Romania,Alba,Ighiel,46.1468039,23.4796816
Romania,Alba,Odverem,46.2584466,23.8384435
Romania,Alba,Pianu de Jos,45.9358282,23.487285
Romania,Alba,Poiana Aiudului,46.3651854,23.6030655
Romania,Alba,Sânbenedic,46.3144597,24.0499438
Romania,Alba,Benic,46.2131188,23.5914271
Romania,Alba,Straja,46.0672345,23.6863009
Romania,Alba,Hăpria,46.0808212,23.6691322
Romania,Alba,Lancrăm,45.9871823,23.5557007
Romania,Alba,Loman,45.8577171,23.5531937
Romania,Alba,Pleşeşti,46.447423,22.9317324
Romania,Alba,Băgău,46.3104689,23.7939864
Romania,Alba,Laz,46.052257,23.417935
Romania,Alba,Valea Barnii,46.269744,23.3408647
Romania,Alba,Războieni-Cetate,46.4131051,23.8708991
Romania,Alba,Strungari,45.8578907,23.5011526
Romania,Alba,Ampoiţa,46.1176088,23.4501112
Romania,Alba,Valea Vinţului,46.0176378,23.4558766
Romania,Alba,Ţelna,46.1654534,23.4962266
Romania,Alba,Cetea,46.2377077,23.5851057
Romania,Alba,Teleac,46.0906125,23.6312166
Romania,Alba,Mătişeşti,46.5088872,22.9023014
Romania,Alba,Craciunelu de jos,46.1713394,23.8343694
Romania,Alba,MĂRTINIE,45.7899923,23.5832396
Romania,Alba,CÎMPENI,46.363071,23.045945
Romania,Alba,MUŞCA,46.3566626,23.1712354
Romania,Alba,BUCERDEA GRÂNOASĂ,46.1928374,23.8395519
Romania,Alba,Valea Mică,46.0793915,23.279207
Romania,Alba,ARIESENI,46.4762447,22.7579046
Romania,Alba,Pănade,46.2240292,23.9578693
Romania,Alba,MIRĂSLĂU,46.3643618,23.7080214
Romania,Alba,CÎLNIC,45.887438,23.658723
Romania,Alba,Cretesti,46.3579327,23.1058901
Romania,Alba,RADESTI,46.2729365,23.7235506
Romania,Alba,GALTIU,46.1429717,23.6662411
Romania,Alba,PETRISAT,46.1929826,23.9173475
Romania,Alba,OCOALE,46.5091092,22.8119493
Romania,Alba,GÎRDA DE SUS,55.38831,23.16429
Romania,Alba,Hodişeşti,46.3960515,23.0860431
Romania,Alba,Oraş Baia de Arieş,45.533718,-122.417392
Romania,Alba,Faţa Cristesei,46.4918858,22.7634854
Romania,Alba,STREMŢ,46.2217171,23.6395043
Romania,Alba,SĂSCIORI,45.8784938,23.5765045
Romania,Alba,Purcareti,45.8302979,23.4895601
Romania,Alba,DAIA ROMÂNĂ,46.0070884,23.6681588
Romania,Alba,MIHALŢ,46.16005,23.7252731
Romania,Alba,CRAIVA,46.1875949,23.5262161
Romania,Alba,Beţa,46.2567315,23.815076
Romania,Alba,Hodobana,46.5177204,22.7716208
Romania,Alba,LUNCA VESESTI,46.3780817,22.9448399
Romania,Alba,OCNA MUREŞ,46.3814028,23.8577354
Romania,Alba,Bucerdea Vinoasă,46.163279,23.5290405
Romania,Alba,LUPŞA,46.3687494,23.2060259
Romania,Alba,SEBEŞ,45.9577309,23.5797925
Romania,Alba,PETRESTI,45.9208326,23.5607939
Romania,Alba,Mogos,46.2755388,23.2803795
Romania,Alba,UNIREA,46.4021876,23.811558
Romania,Alba,ARŢI,45.7475673,23.5972439
Romania,Alba,FĂRĂU,46.3379675,24.0078593
Romania,Alba,BUCERDEA VINOASA,46.163279,23.5290405
Romania,Alba,RĂZBOIENI-CETATE,46.4131051,23.8708991
Romania,Alba,CISTEI,46.186616,23.7536369
Romania,Alba,CETEA,46.2377077,23.5851057
Romania,Alba,Teius,46.2060789,23.6753302
Romania,Alba,ŞARD,46.122287,23.532457
Romania,Alba,Costeşti,46.4859101,22.9066731
Romania,Alba,AMBRU,46.38333,23.28333
Romania,Alba,TEIUŞ,46.2060789,23.6753302
Romania,Alba,ALBAC,46.447786,22.9649845
Romania,Alba,GIRDA DE SUS,55.38831,23.16429
Romania,Alba,TONEA,45.8041438,23.5329906
Romania,Alba,Sebes,45.9577309,23.5797925
Romania,Alba,Măgina,46.341599,23.6545391
Romania,Alba,Coşlariu Nou,46.1724862,23.6775027
Romania,Alba,Văi,46.3467744,23.2072758
Romania,Alba,PETREŞTI,45.9208326,23.5607939
Romania,Alba,CIUGUD,46.0460646,23.612864
Romania,Alba,Presaca Ampoiului,46.0968101,23.3298682
Romania,Alba,Trâmpoiele,46.1478138,23.1507343
Romania,Alba,Valea Lupşii,46.38072,23.2275329
Romania,Alba,SCARISOARA,46.4571581,22.8776176
Romania,Alba,Dumbrava,46.4356569,23.7725715
Romania,Alba,Mănceşti,46.4926824,22.9571272
Romania,Alba,VINŢU DE JOS,45.9944325,23.4855701
Romania,Alba,Cimpeni,46.363071,23.045945
Romania,Alba,FAŢA CRISTESEI,46.4918858,22.7634854
Romania,Alba,CIB,46.0610801,23.1902345
Romania,Alba,Poţionci,46.4416031,22.9284002
Romania,Alba,SÎNTIMBRU,46.1267194,23.6321754
Romania,Alba,PLEŞEŞTI,46.447423,22.9317324
Romania,Alba,Petresti,45.9208326,23.5607939
Romania,Alba,Barabant,46.0993043,23.584868
Romania,Alba,SASCIORI,45.8784938,23.5765045
Romania,Alba,Tăuţi,46.0959678,23.4674665
Romania,Alba,Necrileşti,46.2098246,23.3658312
Romania,Alba,OCOLIS,46.4787354,23.4660799
Romania,Alba,DUMBRAVA,46.4356569,23.7725715
Romania,Alba,CIURULEASA,46.2557874,23.0338026
Romania,Alba,Ocna Mures,46.3814028,23.8577354
Romania,Alba,Lunca Târnavei,46.2180827,23.9843873
Romania,Alba,RĂCHITA,45.8753342,23.5170715
Romania,Alba,Poieni,46.34723,22.9104618
Romania,Alba,Biia,46.2308176,24.0048948
Romania,Alba,GALDA DE SUS,46.2229106,23.5639494
Romania,Alba,Mănăstire,46.3825412,23.1709981
Romania,Alba,Sânmiclăuş,46.2470561,24.0555185
Romania,Alba,AMPOIŢA,46.1176088,23.4501112
Romania,Alba,Gheţar,46.490659,22.81615
Romania,Alba,VINGARD,46.0131722,23.7469574
Romania,Alba,PIANU DE JOS,45.9358282,23.487285
Romania,Alba,ŢARINA,46.312992,23.1251841
Romania,Alba,PODURI-BRICESTI,46.4130161,22.9562834
Romania,Alba,POIENILE-MOGOŞ,46.2764469,23.2441276
Romania,Alba,CETATEA DE BALTA,46.2479378,24.172445
Romania,Alba,Căpâlna,45.8471737,23.6041167
Romania,Alba,MARTINIE,45.7899923,23.5832396
Romania,Alba,POTIONCI,46.4416031,22.9284002
Romania,Alba,SĂLCIUA DE SUS,46.3936744,23.40244
Romania,Alba,BUCIUM,46.2640203,23.1790991
Romania,Alba,Câlnic,45.8873438,23.658829
Romania,Alba,Galtiu,46.1429717,23.6662411
Romania,Alba,Căpâlna de Jos,46.2399974,24.113037
Romania,Alba,Craiva,46.1875949,23.5262161
Romania,Alba,Valea Negrilesii,46.2369706,23.2170593
Romania,Alba,ŞONA,46.2192568,24.0160474
Romania,Alba,Gârbova,45.8605152,23.723625
Romania,Alba,Feisa,46.2259584,24.1438498
Romania,Alba,Vintu de Jos,45.9944325,23.4855701
Romania,Alba,Gârda-Bărbuleşti,46.3292693,23.1174124
Romania,Alba,Bălcaciu,46.1912174,24.0613946
Romania,Alba,RIMETEA,46.4531027,23.5676421
Romania,Alba,Muşca,46.3566626,23.1712354
Romania,Alba,Creţeşti,46.3579327,23.1058901
Romania,Alba,Pănţeşti,46.4770705,22.7782378
Romania,Alba,Stâna de Mureş,46.4250403,23.9957848
Romania,Alba,Valea Bucurului,46.3220053,23.3704897
Romania,Alba,Poieniţa,46.0321861,23.456221
Romania,Alba,Izvoru Ampoiului,46.1447453,23.1759997
Romania,Alba,Poiana Ampoiului,46.0889254,23.3929117
Romania,Alba,Sfoarţea,46.5245662,22.8460004
Romania,Alba,Călene,45.8328362,23.4374639
Romania,Alba,Valea Poienii,46.2252053,23.1427118
Romania,Alba,Crăciunelu de Sus,46.1722328,24.1826333
Romania,Alba,Sâncrai,46.2937897,23.7508991
Romania,Alba,VALEA BISTRII,46.3800886,23.0685993
Romania,Alba,Galbena,46.4703614,22.7283606
Romania,Alba,LEORINT,46.2540145,23.7242648
Romania,Alba,DEALU LĂMĂŞOI,46.486103,22.9863903
Romania,Alba,Dumitra,46.0967229,23.6829494
Romania,Alba,Răchita,45.8753342,23.5170715
Romania,Alba,Ciuguzel,46.2833884,23.8587365
Romania,Alba,Ştefanca,46.3693273,23.1328514
Romania,Alba,Săgagea,46.486726,23.3144571
Romania,Alba,VALEA LUNGĂ,46.1259241,24.045406
Romania,Alba,Dealu Muntelui,46.3865525,23.1190918
Romania,Alba,Pătruşeşti,46.524233,22.9761217
Romania,Alba,Boteşti,46.1808969,23.1509005
Romania,Alba,MĂNĂRADE,46.1415823,23.9705507
Romania,Alba,Ocoale,46.5091092,22.8119493
Romania,Alba,Poduri-Briceşti,46.4130161,22.9562834
Romania,Alba,DAIA ROMANA,46.0070884,23.6681588
Romania,Alba,PANADE,46.2240292,23.9578693
Romania,Alba,Cistei,46.186616,23.7536369
Romania,Alba,Beldiu,46.2362945,23.7153735
Romania,Alba,Preluca,46.510233,22.9768088
Romania,Alba,Angheleşti,46.2455229,23.0980532
Romania,Alba,ASINIP,46.2977057,23.8889623
Romania,Alba,Tomuşeşti,46.4524003,23.0143212
Romania,Alba,Dealu Goieşti,46.3932443,22.9202615
Romania,Alba,OIEJDEA,46.1575643,23.6323137
Romania,Alba,MESENTEA,46.1933012,23.6038157
Romania,Alba,Târşa,46.3820208,22.797178
Romania,Alba,Doleşti,46.3689728,22.8395055
Romania,Alba,Nădăştia,46.0814674,23.1493333
Romania,Alba,Biharia,46.4283772,22.7692249
Romania,Alba,Cărpiniş,45.8316304,23.66114
Romania,Alba,Lunca,46.3742522,22.9099709
Romania,Alba,Galaţi,46.0902344,23.2934995
Romania,Alba,Vârtop,46.3241289,23.0922451
Romania,Alba,Fereşti,46.2415157,23.1060648
Romania,Alba,NOSLAC,46.4042792,23.9328441
Romania,Alba,Glod,46.0630335,23.1566605
Romania,Alba,SÎNCEL,46.200561,23.946436
Romania,Alba,Metes,46.0973598,23.424221
Romania,Alba,Dosu Văseşti,46.3678333,22.8656437
Romania,Alba,LOPADEA NOUĂ,46.290905,23.8190142
Romania,Alba,Deal,45.8574143,23.6232836
Romania,Alba,SNIDE,46.4470104,22.789859
Romania,Alba,BIIA,46.2308176,24.0048948
Romania,Alba,Găbud,46.4093634,24.0114517
Romania,Alba,VINEREA,45.8860544,23.3530441
Romania,Alba,Lunca Larga,46.3791929,23.1293771
Romania,Alba,IGHIU,46.1447556,23.5187599
Romania,Alba,SĂGAGEA,46.486726,23.3144571
Romania,Alba,Almasu Mare,46.0977068,23.1290743
Romania,Alba,Valea Tupilor,46.2658209,23.2689623
Romania,Alba,Lopadea Veche,46.3779209,23.6638134
Romania,Alba,BĂRĂBANŢ,46.0993043,23.584868
Romania,Alba,CRACIUNELU DE JOS,46.1713394,23.8343694
Romania,Alba,MICEŞTI,46.1013257,23.5557314
Romania,Alba,VALEA COCEŞTI,46.2966501,23.2887048
Romania,Alba,Balomiru de Câmp,45.9386824,23.3608719
Romania,Alba,Faţa,46.4631666,22.9621107
Romania,Alba,Sugag,45.7756929,23.6269915
Romania,Alba,Almaşu de Mijloc,46.0669338,23.1065426
Romania,Alba,HĂNĂŞEŞTI,46.3914367,22.8534105
Romania,Alba,Budăieşti,46.4777348,22.9726911
Romania,Alba,Modoleşti,46.3777059,22.8753248
Romania,Alba,LOMAN,45.8577171,23.5531937
Romania,Alba,LAZURI,46.3634735,23.0235933
Romania,Alba,Vinţa,46.3163852,23.2259169
Romania,Alba,Giurgiuţ,46.5213956,22.9500997
Romania,Alba,Sîntimbru,46.1267194,23.6321754
Romania,Alba,LANCRAM,45.9871823,23.5557007
Romania,Alba,BALOMIRU DE CIMP,45.941252,23.35787
Romania,Alba,Bobăreşti,46.3416092,22.9865076
Romania,Alba,Poiana,46.4395773,23.1043343
Romania,Alba,Goieşti,46.3773256,22.9248432
Romania,Alba,Căptălan,46.4092081,23.9417168
Romania,Alba,Borleşti,46.4096858,23.0063819
Romania,Alba,Manarade,46.1415823,23.9705507
Romania,Alba,Niculeşti,46.5046054,22.9568723
Romania,Alba,VIDRIŞOARA,46.3444701,22.8268749
Romania,Alba,Roşeşti,46.4776529,22.9322481
Romania,Alba,Heria,46.3647399,23.9803393
Romania,Alba,Vâlcan,47.9857317,4.2099845
Romania,Alba,AIUDUL DE SUS,46.3219084,23.6843653
Romania,Alba,Totoi,46.1132164,23.6574139
Romania,Alba,INCEŞTI,46.3576451,22.858877
Romania,Alba,NĂDĂŞTIA,46.0814674,23.1493333
Romania,Alba,ICLOD,46.2103056,23.9389287
Romania,Alba,Orgeşti,46.3763974,22.8031946
Romania,Alba,METEŞ,46.0973598,23.424221
Romania,Alba,Ponorel,46.3692784,22.9674793
Romania,Alba,Hoanca,46.3439799,22.9193052
Romania,Alba,Poienile-Mogoş,46.2764469,23.2441276
Romania,Alba,Runc,46.3780622,22.9945064
Romania,Alba,Izvoarele,46.4592657,22.8364951
Romania,Alba,Mununa,46.4705707,22.8351238
Romania,Alba,CERGĂU MIC,46.0830846,23.9406819
Romania,Alba,Făgetu de Jos,46.4031333,22.9072937
Romania,Alba,Radesti,46.2729365,23.7235506
Romania,Alba,VALE IN JOS,46.349477,23.4355378
Romania,Alba,Nadastia,46.0814674,23.1493333
Romania,Alba,Tartaria,45.9334267,23.4120734
Romania,Alba,BĂLEŞTI-CĂTUN,46.4201563,23.0957391
Romania,Alba,GEAMANA,46.3281667,23.2075152
Romania,Alba,Cristeşti,46.2796584,23.3043927
Romania,Alba,CERGĂU MARE,46.0987226,23.9228248
Romania,Alba,POIANA VADULUI,46.3956538,22.8832285
Romania,Alba,Văleni,46.2776426,23.1563895
Romania,Alba,Păşteşti,46.3981198,22.825161
Romania,Alba,Inceşti,46.3576451,22.858877
Romania,Alba,Galda de Sus,46.2229106,23.5639494
Romania,Alba,Peţelei,46.4184559,22.829909
Romania,Alba,Faţă,46.4631666,22.9621107
Romania,Alba,Suceşti,46.4371632,22.7958796
Romania,Alba,Dealu Bajului,46.4548973,22.780492
Romania,Alba,Cunţa,45.9251054,23.7225461
Romania,Alba,Lupuleşti,46.2533766,23.1934879
Romania,Alba,Dealu Capşei,46.4051463,23.0677048
Romania,Alba,Lodroman,46.1179168,24.0741036
Romania,Alba,Peţelca,46.2213921,23.736705
Romania,Alba,Lunca Veseşti,46.3780817,22.9448399
Romania,Alba,Sântămărie,46.2425202,24.1453051
Romania,Alba,Bucium-Sat,46.2608205,23.1197966
Romania,Alba,VALEA ABRUZEL,46.2638532,23.1368029
Romania,Alba,Floreşti,46.292509,23.1490826
Romania,Alba,TOTOI,46.1132164,23.6574139
Romania,Alba,SEBEŞEL,45.8876792,23.5656543
Romania,Alba,Purcăreţi,45.8302979,23.4895601
Romania,Alba,FATA,46.4631666,22.9621107
Romania,Alba,ŞUGAG,45.7756929,23.6269915
Romania,Alba,Brădeana,46.3322941,22.977928
Romania,Alba,Gârbova de Jos,46.2576809,23.6674527
Romania,Alba,TEIUS,46.2060789,23.6753302
Romania,Alba,SCĂRIŞOARA,46.4571581,22.8776176
Romania,Alba,Duduieni,46.404739,22.8308521
Romania,Alba,Stăneşti,46.4122129,22.8814351
Romania,Alba,NEMEŞI,46.3640737,22.8765507
Romania,Alba,Nicoreşti,46.3227138,23.0126651
Romania,Alba,Secăşel,46.0950437,23.80973
Romania,Alba,Medveş,46.307009,24.0641639
Romania,Alba,CULDEŞTI,46.380758,22.952074
Romania,Alba,Poduri,46.351007,23.0472876
Romania,Alba,BUDENI,46.1890884,23.1269699
Romania,Alba,Dealu Caselor,46.3802442,23.3867969
Romania,Alba,Curături,46.3269962,23.0417513
Romania,Alba,Ştei-Arieşeni,46.4685449,22.7540439
Romania,Alba,TELEAC,46.0906125,23.6312166
Romania,Alba,Cerbu,46.2463665,23.1067287
Romania,Alba,Rosia Montana,46.3062526,23.1309849
Romania,Alba,BISTRA,46.3769228,23.1037288
Romania,Alba,POIANA AIUDULUI,46.3651854,23.6030655
Romania,Alba,Gârda Seacă,46.4778226,22.8117659
Romania,Alba,Mereteu,45.992497,23.4253176
Romania,Alba,CURATURI,46.3269962,23.0417513
Romania,Alba,DUPA DEAL,46.3403597,23.1574451
Romania,Alba,VĂI,46.3467744,23.2072758
Romania,Alba,VALEA BÎRLUŢEŞTI,46.38072,23.22753
Romania,Alba,NOŞLAC,46.4042792,23.9328441
Romania,Alba,LUPSA,46.3687494,23.2060259
Romania,Alba,Acmariu,45.965968,23.3624858
Romania,Alba,MORCĂNEŞTI,46.4093796,22.9195449
Romania,Alba,Zănzeşti,46.5335674,22.9571459
Romania,Alba,BILĂNEŞTI,46.3392087,22.9963915
Romania,Alba,VĂLENI,46.2776426,23.1563895
Romania,Alba,FAŢA LĂPUŞULUI,46.4680274,22.7695128
Romania,Alba,Toteşti,46.4252723,22.933598
Romania,Alba,CRĂCIUNELU DE JOS,46.1713394,23.8343694
Romania,Alba,Sfârcea,46.2168058,23.3076439
Romania,Alba,MANARADE,46.1415823,23.9705507
Romania,Alba,COLŢEŞTI,46.4214978,23.5597917
Romania,Alba,IZBITA,46.243203,23.1425985
Romania,Alba,UIOARA DE SUS,46.3897996,23.8800787
Romania,Alba,CĂLENE,45.8328362,23.4374639
Romania,Alba,Sebişeşti,46.3475733,22.994183
Romania,Alba,TĂUŢI,46.0959678,23.4674665
Romania,Alba,Bărăşti,46.4585008,22.9941031
Romania,Alba,Valea Goblii,46.0032675,23.4509475
Romania,Alba,COTORĂŞTI,46.3309809,23.54606
Romania,Alba,BODEŞTI,46.4118232,22.987402
Romania,Alba,Dealu Frumos,46.4880217,22.8299128
Romania,Alba,Făgetu de Sus,46.3968346,22.8379671
Romania,Alba,Muncelu,46.3762844,23.2486896
Romania,Alba,BARABANT,46.0993043,23.584868
Romania,Alba,Mămăligani,46.2932641,23.2789351
Romania,Alba,FAŢĂ,46.4631666,22.9621107
Romania,Alba,FLOREŞTI,46.292509,23.1490826
Romania,Alba,MUNUNĂ,46.4705707,22.8351238
Romania,Alba,Barbeşti,46.2759881,23.3320849
Romania,Alba,Alecuş,46.2912773,23.9979391
Romania,Alba,Tomuţeşti,46.4129752,22.9277885
Romania,Alba,Leorint,46.2540145,23.7242648
Romania,Alba,Pleşi,45.8075052,23.5918931
Romania,Alba,SONA,46.2192568,24.0160474
Romania,Alba,Veseuş,46.2751276,24.1425008
Romania,Alba,GHETARI,46.4908252,22.8222814
Romania,Alba,Izlaz,46.4814513,22.7255714
Romania,Alba,Lunca Largă,46.3791929,23.1293771
Romania,Alba,Vlădoşeşti,46.3437405,23.0175321
Romania,Alba,Bodeşti,46.4118232,22.987402
Romania,Alba,Gura Arieşului,46.4293542,23.955528
Romania,Alba,Razboieni-Cetate,46.4131051,23.8708991
Romania,Alba,Pârâu Gruiului,46.1558187,23.1836286
Romania,Alba,Boz,45.948294,23.8039471
Romania,Alba,Lupăieşti,46.4124337,22.9006024
Romania,Alba,Pătrăhăiţeşti,46.4462853,22.7433549
Romania,Alba,Şorliţa,46.3797279,23.0087708
Romania,Alba,BERGHIN,46.0763002,23.7393617
Romania,Alba,Pârâu-Cărbunari,46.3541501,23.2089377
Romania,Alba,Sturu,46.4663084,22.7883885
Romania,Alba,DEALU FRUMOS,46.4880217,22.8299128
Romania,Alba,Negeşti,46.5128245,22.8591462
Romania,Alba,Snide,46.4470104,22.789859
Romania,Alba,GALDA DE JOS,46.1791936,23.6218337
Romania,Alba,Faţa-Lăzeşti,46.4303722,22.8566748
Romania,Alba,Huzăreşti,46.4451751,22.8447846
Romania,Alba,Tibru,46.1966612,23.564062
Romania,Alba,Buteşti,46.2975524,23.3489856
Romania,Alba,Cergău Mic,46.0830846,23.9406819
Romania,Alba,Valea Bistrii,46.3800886,23.0685993
Romania,Alba,Certege,46.4141832,23.0265429
Romania,Alba,Salistea,45.9037806,23.4032364
Romania,Alba,PLEŞI,45.8075052,23.5918931
Romania,Alba,MĂTIŞEŞTI,46.5088872,22.9023014
Romania,Alba,CRISTEŞTI,46.2796584,23.3043927
Romania,Alba,CIONEŞTI,46.4722054,22.9852338
Romania,Alba,CUT,45.9397245,23.6671934
Romania,Alba,Măgura,46.2467922,23.1436061
Romania,Alba,TĂUNI,46.1506829,24.1316394
Romania,Alba,MĂNCEŞTI,46.4926824,22.9571272
Romania,Alba,ALMAŞU MARE,46.0977068,23.1290743
Romania,Alba,PRESACA AMPOIULUI,46.0968101,23.3298682
Romania,Alba,Munună,46.4705707,22.8351238
Romania,Alba,Vidrişoara,46.3444701,22.8268749
Romania,Alba,Cicău,46.3999668,23.6792498
Romania,Alba,PIANU DE SUS,45.8963176,23.4838633
Romania,Alba,Pătrângeni,46.0895612,23.2637184
Romania,Alba,Bucerdea Grinoasa,46.191292,23.838742
Romania,Alba,TIUR,46.1600883,23.88927
Romania,Alba,MUNCELU,46.3762844,23.2486896
Romania,Alba,CIUMBRUD,46.3080965,23.762224
Romania,Alba,Tău,46.070674,23.8421897
Romania,Alba,HUDRICEŞTI,46.388356,23.1048428
Romania,Alba,DOLEŞTI,46.3689728,22.8395055
Romania,Alba,LUPU,46.0975987,23.9727679
Romania,Alba,IZVORUL AMPOIULUI,46.1941961,23.1106551
Romania,Alba,HĂPRIA,46.0808212,23.6691322
Romania,Alba,LIVEZILE,46.3472723,23.6477156
Romania,Alba,DECEA,46.3830866,23.7630818
Romania,Alba,Cheile Cibului,46.037079,23.1824115
Romania,Alba,Cobleş,46.4939083,22.7361852
Romania,Alba,POIANA GALDEI,46.2417787,23.5317217
Romania,Alba,DEALUL CASELOR,46.365914,22.875197
Romania,Alba,Corţeşti,46.4466462,23.3035946
Romania,Alba,VALEA LARGA,46.3663741,23.4007116
Romania,Alba,Tătârlaua,46.2027587,24.1666812
Romania,Alba,Valea Bârluţeşti,46.3021314,23.270161
Romania,Alba,Valea Largă,46.3663741,23.4007116
Romania,Alba,CISTEIU DE MUREŞ,46.3774928,23.8130712
Romania,Alba,Popeştii de Sus,46.4144867,22.9383481
Romania,Alba,VALEA GHIOGHEŞTI,46.38072,23.22753
Romania,Alba,TIBRU,46.1966612,23.564062
Romania,Alba,CERGAU MARE,46.0987226,23.9228248
Romania,Alba,ISCA,46.1045954,23.4062274
Romania,Alba,BOBARESTI,46.3416092,22.9865076
Romania,Alba,BURZONESTI,46.3677429,23.0086783
Romania,Alba,MERETEU,45.992497,23.4253176
Romania,Alba,BĂLCACIU,46.1912174,24.0613946
Romania,Alba,SUCESTI,46.4371632,22.7958796
Romania,Alba,Necşeşti,46.3888175,22.9899848
Romania,Alba,POIANA AMPOIULUI,46.0889254,23.3929117
Romania,Alba,Mugeşti,45.8135999,23.4510793
Romania,Alba,Geogel,46.3097148,23.3821884
Romania,Alba,Sărăcsău,45.9450174,23.3071232
Romania,Alba,Pîclişa,46.048157,23.515023
Romania,Alba,Sintimbru,46.1267194,23.6321754
Romania,Alba,Drăgoieşti-Luncă,46.3661496,22.9812614
Romania,Alba,Leorinţ,46.2540145,23.7242648
Romania,Alba,Câmpu Goblii,45.9986986,23.4500193
Romania,Alba,VALEA NEGRILESII,46.2369706,23.2170593
Romania,Alba,Căpud,46.205648,23.7255093
Romania,Alba,Ruseşti,46.4804585,22.9608031
Romania,Alba,FENEŞ,46.1043071,23.2951099
Romania,Alba,Lunca Merilor,46.3672281,23.0976288
Romania,Alba,JIDOŞTINA,45.716916,23.5871215
Romania,Alba,ŞILEA,46.3269851,24.1139345
Romania,Alba,RECIU,45.8649687,23.673749
Romania,Alba,OARDA,46.032317,23.5679394
Romania,Alba,Răviceşti,46.4844611,22.7773822
Romania,Alba,SOHODOL,46.4711032,22.9484125
Romania,Alba,Hănăşeşti,46.3914367,22.8534105
Romania,Alba,Şoimus,46.2269001,23.7854329
Romania,Alba,Craciunelu de Jos,46.1713394,23.8343694
Romania,Alba,Bârleşti,46.3590851,23.127285
Romania,Alba,Gâmbaş,46.3460702,23.7236464
Romania,Alba,Peleş,46.336285,22.9832645
Romania,Alba,Suseni,46.0991578,23.2442498
Romania,Alba,Teiu,46.5078302,22.9828835
Romania,Alba,VURPĂR,46.0040301,23.472674
Romania,Alba,Rătiţis,46.4058623,23.0908058
Romania,Alba,Bucuru,45.7887897,23.3985077
Romania,Alba,Lopadea Noua,46.290905,23.8190142
Romania,Alba,PĂTRUŞEŞTI,46.524233,22.9761217
Romania,Alba,Trifeşti,46.3207881,23.2012252
Romania,Alba,Daia Romana,46.0070884,23.6681588
Romania,Alba,Dos,46.3693737,22.9603481
Romania,Alba,Coleşeni,46.254921,23.1278557
Romania,Alba,Coasta Vâscului,46.4130287,23.0537914
Romania,Alba,Sub Piatra,46.3862631,23.4574387
Romania,Alba,Poşogani,46.3642664,23.1948898
Romania,Alba,SĂLCIUA DE JOS,46.3985516,23.4212175
Romania,Alba,SĂLIŞTEA,45.9037806,23.4032364
Romania,Alba,BĂCĂINŢI,45.9418041,23.2823595
Romania,Alba,Lupşeni,46.220618,23.5691562
Romania,Alba,Dăroaia,46.2959138,23.0383407
Romania,Alba,Sincel,46.200561,23.946436
Romania,Alba,Cetatea de Baltă,46.2479378,24.172445
Romania,Alba,Dobreşti,46.4696374,22.8210021
Romania,Alba,Baba,46.5020501,22.963223
Romania,Alba,HENIG,46.1057602,23.7308893
Romania,Alba,SĂLIŞTEA-DEAL,45.900571,23.4234729
Romania,Alba,PETELEI,46.4184559,22.829909
Romania,Alba,VALEA ŢUPILOR,46.2658209,23.2689623
Romania,Alba,Valea Coceşti,46.2966501,23.2887048
Romania,Alba,Puiuleţeşti,46.3692555,22.9960131
Romania,Alba,MAGINA,46.341599,23.6545391
Romania,Alba,Uioara de Jos,46.3711843,23.8364376
Romania,Alba,Coceşti,46.3613288,22.8122985
Romania,Alba,Ignăţeşti,46.3080013,23.082085
Romania,Alba,SUGAG,45.7756929,23.6269915
Romania,Alba,Jidoştina,45.716916,23.5871215
Romania,Alba,Oideşti,46.3795338,22.9400002
Romania,Alba,Posaga de Jos,46.4308885,23.4389112
Romania,Alba,Trisoreşti,46.4128701,23.1330619
Romania,Alba,Cucuta,45.9893785,23.2575051
Romania,Alba,Iclod,46.2103056,23.9389287
Romania,Alba,Călugăreşti,46.3990635,22.7854413
Romania,Alba,Lunca Goieşti,46.3758017,22.9147585
Romania,Alba,Valea Inzelului,46.3320192,23.5071235
Romania,Alba,Ţărăneşti,46.402563,23.1202215
Romania,Alba,Helereşti,46.3554135,22.842245
Romania,Alba,IGHIEL,46.1468039,23.4796816
Romania,Alba,Poiana Gălzii,46.400522,22.876636
Romania,Alba,Lunca Meteşului,46.1396463,23.3664818
Romania,Alba,Bubeşti,46.50556,22.70384
Romania,Alba,Budeni,46.1890884,23.1269699
Romania,Alba,Măcăreşti,46.2914844,23.3925883
Romania,Alba,STERTESTI,46.3484156,22.8432637
Romania,Alba,Micoşlaca,46.3701231,23.7932625
Romania,Alba,BLANDIANA,45.9769441,23.38589
Romania,Alba,JOJEI,46.3494539,22.8386609
Romania,Alba,ALMASU MARE,46.0977068,23.1290743
Romania,Alba,Rosia de Secas,46.0569522,23.8886492
Romania,Alba,VADU MOŢILOR,46.3950087,22.9667152
Romania,Alba,Durăşti,46.4279888,23.0990603
Romania,Alba,CRICĂU,46.1755773,23.5698624
Romania,Alba,Poşaga de Sus,46.4627373,23.3821963
Romania,Alba,VALEA INZELULUI,46.3320192,23.5071235
Romania,Alba,Ivăniş,46.2267893,23.3906658
Romania,Alba,VADU MOTILOR,46.3950087,22.9667152
Romania,Alba,Vâlcăneasa,46.3661454,22.938175
Romania,Alba,ŞEUŞA,46.0597111,23.6273924
Romania,Alba,Gârde,46.3875887,23.1429209
Romania,Alba,BÎRSANA,45.755115,23.5650447
Romania,Alba,HUZĂREŞTI,46.4451751,22.8447846
Romania,Alba,BĂGĂU,46.3104689,23.7939864
Romania,Alba,ÎNTREGALDE,46.2376561,23.4116184
Romania,Alba,BURZEŞTI,46.4013084,22.9486804
Romania,Alba,HAIDUCEŞTI,46.394464,22.9294498
Romania,Alba,TRIFEŞTI,46.3207881,23.2012252
Romania,Alba,Valea Făgetului,46.3489588,23.5122942
Romania,Alba,Valea Şesii,46.2754492,23.1801879
Romania,Alba,LUNCA,46.3742522,22.9099709
Romania,Alba,CERU-BĂCĂINŢI,45.9736942,23.271899
Romania,Alba,Cilnic,45.887438,23.658723
Romania,Alba,GÎRDA SEACĂ,46.4778226,22.8117659
Romania,Alba,Gheduleşti,46.2354457,23.0702312
Romania,Alba,COBLEŞ,46.4939083,22.7361852
Romania,Alba,RUNC,46.3780622,22.9945064
Romania,Alba,Dâmbureni,46.414568,23.0694635
Romania,Alba,POPEŞTII DE JOS,46.3989036,22.9569304
Romania,Alba,Pirita,46.1372761,23.1599331
Romania,Alba,Valea Sasului,46.2856136,24.0299594
Romania,Alba,Burzeşti,46.4013084,22.9486804
Romania,Alba,Faţa Lăpuşului,46.4680274,22.7695128
Romania,Alba,Ţarina,46.312992,23.1251841
Romania,Alba,CĂPUD,46.205648,23.7255093
Romania,Alba,Hudriceşti,46.388356,23.1048428
Romania,Alba,Surdeşti,46.3230125,23.0029246
Romania,Alba,Valea Uzei,46.3158071,23.5106213
Romania,Alba,DOBRA,45.7691276,23.6421788
Romania,Alba,ŞIBOT,45.9410607,23.3361763
Romania,Alba,BUDĂIEŞTI,46.4777348,22.9726911
Romania,Alba,Dealu Lămăşoii,46.491397,22.969833
Romania,Alba,FEREŞTI,46.2415157,23.1060648
Romania,Alba,ORASTI,46.4500532,23.3390329
Romania,Alba,Colibi,46.1118852,23.7856499
Romania,Alba,Sub Piatră,46.3862631,23.4574387
Romania,Alba,Valea Giogeşti,46.3077805,23.2837617
Romania,Alba,STĂNEŞTI,46.4122129,22.8814351
Romania,Alba,DOŞTAT,45.9708837,23.8427881
Romania,Alba,HAŢEGANA,46.0356326,23.4429316
Romania,Alba,BOTEŞTI,46.1808969,23.1509005
Romania,Alba,COSTEŞTI,46.4859101,22.9066731
Romania,Alba,Arţi,45.7475673,23.5972439
Romania,Alba,Tomeşti,46.2993459,23.3642269
Romania,Alba,MAHACENI,46.4466857,23.742964
Romania,Alba,MUNUNA,46.4705707,22.8351238
Romania,Alba,AMPOITA,46.1176088,23.4501112
Romania,Alba,SARD,46.122287,23.532457
Romania,Alba,SALCIUA DE SUS,46.3936744,23.40244
Romania,Alba,Gura Roşiei,46.3091464,23.0574533
Romania,Alba,VESEUŞ,46.2751276,24.1425008
Romania,Alba,SFOARTEA,46.5245662,22.8460004
Romania,Alba,Furduieşti,46.3348959,23.07939
Romania,Alba,CIUGUZEL,46.2833884,23.8587365
Romania,Alba,După Deal,46.3403597,23.1574451
Romania,Alba,Valea Morii,46.3589982,22.960138
Romania,Alba,ARIEŞENI,46.4762447,22.7579046
Romania,Alba,ŢELNA,46.1654534,23.4962266
Romania,Alba,INOC,46.3852106,23.787227
Romania,Alba,Băcăinţi,45.9418041,23.2823595
Romania,Alba,Ciuldeşti,46.3942213,23.1081057
Romania,Alba,Plişti,46.4862731,22.8044079
Romania,Alba,Popeştii de Jos,46.3989036,22.9569304
Romania,Alba,Tîrsa,46.3820208,22.797178
Romania,Alba,După Pleşe,46.4360204,22.9437499
Romania,Alba,Vâltori,46.1456423,23.214694
Romania,Alba,PIRITA,46.1372761,23.1599331
Romania,Alba,Ciugudu de Jos,46.4187174,23.7447414
Romania,Alba,BRĂZEŞTI,46.398486,23.3185118
Romania,Alba,VALEA MICĂ,46.0793915,23.279207
Romania,Alba,Vidolm,46.4806186,23.5118221
Romania,Alba,CHEILE CIBULUI,46.037079,23.1824115
Romania,Alba,STRAJA,46.0672345,23.6863009
Romania,Alba,Rogoz,46.4269229,22.9640037
Romania,Alba,NEGREŞTI,46.268772,23.3192487
Romania,Alba,PĂŞTEŞTI,46.3981198,22.825161
Romania,Alba,Muneşti,46.2902436,23.0008286
Romania,Alba,DOS,46.3693737,22.9603481
Romania,Alba,BALOMIRU DE CÎMP,45.941252,23.35787
Romania,Alba,BEŢA,46.2567315,23.815076
Romania,Alba,DUPĂ DEAL,46.3403597,23.1574451
Romania,Alba,Iacobeşti,46.3079199,23.0683944
Romania,Alba,BĂRĂŞTI,46.4585008,22.9941031
Romania,Alba,PASTESTI,46.3981198,22.825161
Romania,Alba,BENIC,46.2131188,23.5914271
Romania,Alba,PURCĂREŢI,45.8302979,23.4895601
Romania,Alba,LAZ,46.052257,23.417935
Romania,Alba,MACARESTI,46.2914844,23.3925883
Romania,Alba,POIANA,46.4395773,23.1043343
Romania,Alba,Dârleşti,46.5244428,22.9139089
Romania,Alba,VINTU DE JOS,45.9944325,23.4855701
Romania,Alba,CIUGUDU DE SUS,46.425512,23.7123133
Romania,Alba,RĂTITIŞ,46.4058623,23.0908058
Romania,Alba,BONCESTI,46.3607207,23.0730573
Romania,Alba,Cărăşti,46.3782504,22.8341863
Romania,Alba,GABUD,46.4093634,24.0114517
Romania,Alba,DUDUIENI,46.404739,22.8308521
Romania,Alba,PLAIURI,45.8369118,23.5113984
Romania,Alba,Deve,46.4618811,22.9328653
Romania,Alba,MESCREAC,46.2412085,23.7386977
Romania,Alba,OBREJA,46.1742866,23.7640552
Romania,Alba,BUCURU,45.7887897,23.3985077
Romania,Alba,Silivaş,46.3414826,23.8758517
Romania,Alba,MUGEŞTI,45.8135999,23.4510793
Romania,Alba,Motorăşti,46.3771932,23.0427342
Romania,Alba,Bodreşti,46.2720171,22.9735738
Romania,Alba,VALEA BARNII,46.269744,23.3408647
Romania,Alba,Dric,46.4045514,23.0453366
Romania,Alba,Cioneşti,46.4722054,22.9852338
Romania,Alba,Lăzeşti,46.4197694,22.9393749
Romania,Alba,Gojeieşti,46.3807228,22.8292902
Romania,Alba,Lunca Ampoiţei,46.1399477,23.3851805
Romania,Alba,Stălnişoara,46.2388293,23.2048301
Romania,Alba,Hădărău,46.3640227,23.2053223
Romania,Alba,ŞPRING,45.9745886,23.7773831
Romania,Alba,COŞLARIU,46.1578128,23.6882775
Romania,Alba,CĂLUGĂREŞTI,46.3990635,22.7854413
Romania,Alba,LUPAIESTI,46.4124337,22.9006024
Romania,Alba,PUIULETEŞTI,46.3692555,22.9960131
Romania,Alba,TELNA,46.1654534,23.4962266
Romania,Alba,LUNCA TIRNAVEI,46.37808,22.94484
Romania,Alba,SOAL,46.3320221,23.0696481
Romania,Alba,COPAND,46.420133,23.9811581
Romania,Alba,PONOR,46.3351172,23.4024522
Romania,Alba,GEOAGIU DE SUS,46.2545291,23.5925746
Romania,Alba,FENES,46.1043071,23.2951099
Romania,Alba,VÎRTOP,46.3241289,23.0922451
Romania,Alba,Bădai,46.4084857,22.7557603
Romania,Alba,Bonceşti,46.3607207,23.0730573
Romania,Alba,HĂDĂRĂU,46.3640227,23.2053223
Romania,Alba,ŞTIULEŢI,46.4543317,22.9170053
Romania,Alba,MĂGINA,46.341599,23.6545391
Romania,Alba,Lupu,46.0975987,23.9727679
Romania,Alba,FICĂREŞTI,46.3835616,22.9619311
Romania,Alba,JIDVEI,46.2224475,24.1106119
Romania,Alba,Decea,46.3830866,23.7630818
Romania,Alba,GALBENA,46.4703614,22.7283606
Romania,Alba,Tonea,45.8041438,23.5329906
Romania,Alba,CARPINIS,45.8316304,23.66114
Romania,Alba,Culdeşti,46.380758,22.952074
Romania,Alba,SUB PIATRA,46.3862631,23.4574387
Romania,Alba,SINCEL,46.200561,23.946436
Romania,Alba,LUNCA TÎRNAVEI,46.37808,22.94484
Romania,Alba,Dealu Geoagiului,46.280494,23.4312933
Romania,Alba,MOGOŞ,46.2755388,23.2803795
Romania,Alba,SIBOT,45.9410607,23.3361763
Romania,Alba,MIHOEŞTI,46.370427,23.0250249
Romania,Alba,DRAŞOV,45.9375707,23.7425356
Romania,Alba,SILEA,46.3269851,24.1139345
Romania,Alba,LUNCA MUREŞULUI,46.4280752,23.9097312
Romania,Alba,Sebesel,45.8876792,23.5656543
Romania,Alba,Carpinis,45.8316304,23.66114
Romania,Alba,Mărţeşti,46.3581349,22.8629409
Romania,Alba,Leheşti,46.3037521,22.9838592
Romania,Alba,MIHOESTI,46.370427,23.0250249
Romania,Alba,LUNCA AMPOIŢEI,46.1399477,23.3851805
Romania,Alba,BISERICANI,46.2908838,23.1604771
Romania,Alba,Vama Seacă,46.346467,23.9419554
Romania,Alba,Plai,46.3984201,22.7740586
Romania,Alba,Peste Valea Bistrii,46.4445714,23.032649
Romania,Alba,Burzoneşti,46.3677429,23.0086783
Romania,Alba,Sartăş,46.3921678,23.2958744
Romania,Alba,Asinip,46.2977057,23.8889623
Romania,Alba,Şpălnaca,46.341242,23.908668
Romania,Alba,VALEA LUPSII,46.38072,23.2275329
Romania,Alba,BAGAU,46.3104689,23.7939864
Romania,Alba,VALEA FĂGETULUI,46.3489588,23.5122942
Romania,Alba,HERIA,46.3647399,23.9803393
Romania,Alba,ŞTEI-ARIEŞENI,46.4685449,22.7540439
Romania,Alba,VALEA MICA,46.0793915,23.279207
Romania,Alba,Isca,46.1045954,23.4062274
Romania,Alba,LUNCA DE JOS,46.3681747,22.8872582
Romania,Alba,Plaiuri,45.8369118,23.5113984
Romania,Alba,STRUNGARI,45.8578907,23.5011526
Romania,Alba,Valea Cerbului,46.2396761,23.1176444
Romania,Alba,VALEA VINTULUI,46.0176378,23.4558766
Romania,Alba,POSAGA DE JOS,46.4308885,23.4389112
Romania,Alba,PODURI-BRICEŞTI,46.4130161,22.9562834
Romania,Alba,TĂU BISTRA,45.683479,23.5855132
Romania,Alba,MATISESTI,46.5088872,22.9023014
Romania,Alba,TURDAŞ,46.3062032,23.9184091
Romania,Alba,VIDRA,46.3715363,22.8973653
Romania,Alba,GLOD,46.0630335,23.1566605
Romania,Alba,TÎRSA,46.3820208,22.797178
Romania,Alba,VINTA,46.3163852,23.2259169
Romania,Alba,TEIU,46.5078302,22.9828835
Romania,Alba,GHIONCANI,46.2415231,23.328575
Romania,Alba,Inoc,46.3852106,23.787227
Romania,Alba,Nemeşi,46.3640737,22.8765507
Romania,Alba,Gârbova de Sus,46.2927984,23.6229819
Romania,Alba,GIRDE,34.829524,-82.371628
Romania,Alba,HANASESTI,46.3914367,22.8534105
Romania,Alba,Soiceşti,46.3633197,22.8289636
Romania,Alba,DAROAIA,46.2959138,23.0383407
Romania,Alba,ROŞIA DE SECAŞ,46.0569522,23.8886492
Romania,Alba,Vârşi,46.3576194,23.0742417
Romania,Alba,VAMA SEACĂ,46.346467,23.9419554
Romania,Alba,Girda de Sus,55.38831,23.16429
Romania,Alba,Valea Mlacii,46.233143,23.2762548
Romania,Alba,Vanvuceşti,46.4797315,22.7220574
Romania,Alba,Bunţa,46.2771237,23.1150943
Romania,Alba,Dumăceşti,46.394062,22.7972588
Romania,Alba,Pădurea,46.098407,23.4873242
Romania,Alba,Dumbrăviţa,45.9828791,23.2662814
Romania,Alba,VERDEŞTI,46.3826813,22.7916502
Romania,Alba,Faţa Abrudului,46.3489062,23.0590769
Romania,Alba,Gura Sohodol,46.3546316,23.0306699
Romania,Alba,BOZ,45.948294,23.8039471
Romania,Alba,Măhăceni,46.4466857,23.742964
Romania,Alba,Simoceşti,46.3114533,23.0016947
Romania,Alba,Petreasa,46.5356098,22.9427729
Romania,Alba,TOTEŞTI,46.4252723,22.933598
Romania,Alba,RAHAU,45.9039451,23.6206531
Romania,Alba,Poienile-Mogos,46.2764469,23.2441276
Romania,Alba,LUNCĂ,46.3742522,22.9099709
Romania,Alba,Podu lui Paul,46.1015187,23.2500417
Romania,Alba,ŞOAL,46.3320221,23.0696481
Romania,Alba,GURA SOHODOL,46.3546316,23.0306699
Romania,Alba,Avrămeşti,46.3914284,22.8238333
Romania,Alba,CIUCULEŞTI,46.2616482,23.1855743
Romania,Alba,LOPADEA NOUA,46.290905,23.8190142
Romania,Alba,FAŢA ABRUDULUI,46.3489062,23.0590769
Romania,Alba,GHEŢARI,46.4908252,22.8222814
Romania,Alba,PATRUSESTI,46.524233,22.9761217
Romania,Alba,CUNŢA,45.9251054,23.7225461
Romania,Alba,STANESTI,46.4122129,22.8814351
Romania,Alba,DĂROAIA,46.2959138,23.0383407
Romania,Alba,Gîrde,34.829524,-82.371628
Romania,Alba,FAGETU DE JOS,46.4031333,22.9072937
Romania,Alba,RAZBOIENI-CETATE,46.4131051,23.8708991
Romania,Alba,CIULDEŞTI,46.3942213,23.1081057
Romania,Alba,MUSCA,46.3566626,23.1712354
Romania,Alba,BUCIUM-SAT,46.2608205,23.1197966
Romania,Alba,ALMAŞU DE MIJLOC,46.0669338,23.1065426
Romania,Alba,RĂHĂU,45.9039451,23.6206531
Romania,Alba,Arti,45.7475673,23.5972439
Romania,Alba,LUNCA ARIESULUI,46.4394945,23.4594869
Romania,Alba,Lespezea,46.4761233,22.9025008
Romania,Alba,Boţeşti,46.1808969,23.1509005
Romania,Alba,VALEA MĂNĂSTIRII,46.3033676,23.5099101
Romania,Alba,MĂRGINENI,45.908115,23.3980237
Romania,Alba,Micoslaca,46.3701231,23.7932625
Romania,Alba,Băzeşti,46.3178521,23.0141136
Romania,Alba,RÎMEŢ,47.136483,4.488986
Romania,Alba,CRICAU,46.1755773,23.5698624
Romania,Alba,Poiu,46.3863677,23.095351
Romania,Alba,CILNIC,45.887438,23.658723
Romania,Alba,SINTIMBRU,46.1267194,23.6321754
Romania,Alba,Băleşti-Cătun,46.4201563,23.0957391
Romania,Alba,BUNINGINEA,46.2265705,23.0383696
Romania,Alba,Bogleşti,46.2561813,23.0118994
Romania,Alba,CERGAU MIC,46.0830846,23.9406819
Romania,Alba,Dănduţ,46.35808,23.0930557
Romania,Alba,Achimeţeşti,46.3848424,22.803892
Romania,Alba,VALEA MLACII,46.233143,23.2762548
Romania,Alba,Scoarţa,46.4362723,22.7665607
Romania,Alba,Pârâu lui Mihai,46.0129736,23.485973
Romania,Alba,Bădăi,46.4084857,22.7557603
Romania,Alba,IZVOARELE,46.4592657,22.8364951
Romania,Alba,PURCARETI,45.8302979,23.4895601
Romania,Alba,Casa de Piatră,46.5351429,22.7841348
Romania,Alba,GEOMAL,46.2614374,23.6219283
Romania,Alba,Ciuculeşti,46.2616482,23.1855743
Romania,Alba,SALISTEA,45.9037806,23.4032364
Romania,Alba,PRELUCA,46.510233,22.9768088
Romania,Alba,MANASTIRE,46.3825412,23.1709981
Romania,Alba,LUNCA BISERICII,46.3673605,22.8786528
Romania,Alba,Găneşti,46.3901131,23.1299078
Romania,Alba,Cojocani,46.2829018,23.3684924
Romania,Alba,Nămaş,46.3990265,23.1279392
Romania,Alba,RATITIS,46.4058623,23.0908058
Romania,Alba,Ciugudu de Sus,46.425512,23.7123133
Romania,Alba,VERDESTI,46.3826813,22.7916502
Romania,Alba,SOHARU,46.2783788,23.0281791
Romania,Alba,AVRAM IANCU,46.3581643,22.8257225
Romania,Alba,Verdeşti,46.3826813,22.7916502
Romania,Alba,FERICET,46.4868248,22.9404544
Romania,Alba,Sard,46.122287,23.532457
Romania,Alba,NECSESTI,46.3888175,22.9899848
Romania,Alba,PONOREL,46.3692784,22.9674793
Romania,Alba,DRIC,46.4045514,23.0453366
Romania,Alba,Bodesti,46.4118232,22.987402
Romania,Alba,Cotorăşti,46.3309809,23.54606
Romania,Alba,SCOARTA,46.4362723,22.7665607
Romania,Alba,JIDOSTINA,45.716916,23.5871215
Romania,Alba,Panade,46.2240292,23.9578693
Romania,Alba,IZLAZ,46.4814513,22.7255714
Romania,Alba,Stîna de Mureş,33.578621,-79.189909
Romania,Alba,DUPĂ PLESE,46.4360204,22.9437499
Romania,Alba,GALAŢI,46.0902344,23.2934995
Romania,Alba,BOTESTI,46.1808969,23.1509005
Romania,Alba,TĂRTĂRIA,45.9334267,23.4120734
Romania,Alba,VESEUS,46.2751276,24.1425008
Romania,Alba,MOGOS,46.2755388,23.2803795
Romania,Alba,Căsoaia,46.3879907,22.7607339
Romania,Alba,MICESTI,46.1013257,23.5557314
Romania,Alba,VALEA LUPŞII,46.38072,23.2275329
Romania,Alba,Haiduceşti,46.394464,22.9294498
Romania,Alba,LAZESTI,46.4197694,22.9393749
Romania,Alba,Lunca Muresului,46.4280752,23.9097312
Romania,Alba,VALEA CERBULUI,46.2396761,23.1176444
Romania,Alba,DUMEŞTI,46.3825746,23.4440325
Romania,Alba,BIHARIA,46.4283772,22.7692249
Romania,Alba,Valea Abruzel,46.2638532,23.1368029
Romania,Alba,STIULETI,46.4543317,22.9170053
Romania,Alba,GIURGIUŢ,46.5213956,22.9500997
Romania,Alba,CERTEGE,46.4141832,23.0265429
Romania,Alba,Săliştea-Deal,45.900571,23.4234729
Romania,Alba,Copand,46.420133,23.9811581
Romania,Alba,UNGUREI,46.0165893,23.8290325
Romania,Alba,HOREA,46.5020653,22.9500484
Romania,Alba,VALEA LUNGA,46.1259241,24.045406
Romania,Alba,FATA CRISTESEI,46.4918858,22.7634854
Romania,Alba,PEŢELCA,46.2213921,23.736705
Romania,Alba,LUNCA ARIEŞULUI,46.4394945,23.4594869
Romania,Alba,Bârzogani,46.3052945,23.347299
Romania,Alba,Piţiga,46.372893,23.168693
Romania,Alba,CĂRPINIŞ,45.8316304,23.66114
Romania,Alba,Orăşti,46.4500532,23.3390329
Romania,Alba,Pleşcuţa,46.3616645,22.9533055
Romania,Alba,Cioara de Sus,46.3762125,23.3147483
Romania,Alba,GÎRDE,34.829524,-82.371628
Romania,Alba,NECŞEŞTI,46.3888175,22.9899848
Romania,Alba,Buninginea,46.2265705,23.0383696
Romania,Alba,Brădeşti,46.3328344,23.4699713
Romania,Alba,BALCACIU,46.1912174,24.0613946
Romania,Alba,ABRUD-SAT,46.281807,23.0607022
Romania,Alba,Popestii de Jos,46.3989036,22.9569304
Romania,Alba,Salciua de Jos,46.3985516,23.4212175
Romania,Alba,Coasta Henţii,46.3125925,23.0584834
Romania,Alba,Matei,46.4285067,22.8843796
Romania,Alba,Păgida,46.3408384,23.7453759
Romania,Alba,Mărgineni,45.908115,23.3980237
Romania,Alba,Coroieşti,46.3563026,22.8172691
Romania,Alba,TAMBOREŞTI,46.4475371,22.9263865
Romania,Alba,COŞLARIU NOU,46.1724862,23.6775027
Romania,Alba,VALEA LARGĂ,46.3663741,23.4007116
Romania,Alba,LIMBA,46.0399937,23.5976894
Romania,Alba,LUNCA METEŞULUI,46.1396463,23.3664818
Romania,Alba,Geamăna,46.3281667,23.2075152
Romania,Alba,LUNCA AMPOITEI,46.1399477,23.3851805
Romania,Alba,Roşia Montana,46.3062526,23.1309849
Romania,Alba,POIENI,46.34723,22.9104618
Romania,Alba,LOPADEA VECHE,46.3779209,23.6638134
Romania,Alba,Gura Izbitei,46.2481618,23.1587635
Romania,Alba,Barzan,46.3598855,23.2350549
Romania,Alba,Tâmboreşti,46.4475371,22.9263865
Romania,Alba,Ştiuleţi,46.4543317,22.9170053
Romania,Alba,Lunca de Jos,46.3681747,22.8872582
Romania,Alba,PÎCLIŞA,46.048157,23.515023
Romania,Alba,PLAI,46.3984201,22.7740586
Romania,Alba,HELEREŞTI,46.3554135,22.842245
Romania,Alba,POPEŞTII DE SUS,46.4144867,22.9383481
Romania,Alba,OHABA,46.0705867,23.7894389
Romania,Alba,Deonceşti,46.3006684,23.0009954
Romania,Alba,VALENI,46.2776426,23.1563895
Romania,Alba,VALEA VINŢULUI,46.0176378,23.4558766
Romania,Alba,Bilăneşti,46.3392087,22.9963915
Romania,Alba,FEISA,46.2259584,24.1438498
Romania,Alba,MEDVES,46.307009,24.0641639
Romania,Alba,BRĂDEANA,46.3322941,22.977928
Romania,Alba,FARAU,46.3379675,24.0078593
Romania,Alba,MIRASLAU,46.3643618,23.7080214
Romania,Alba,Trifesti,46.3207881,23.2012252
Romania,Alba,Şebişeşti,46.3475733,22.994183
Romania,Alba,Jefleşti,46.3806133,22.8807001
Romania,Alba,Soharu,46.2783788,23.0281791
Romania,Alba,COSTESTI,46.4859101,22.9066731
Romania,Alba,Dealu Bistrii,46.3756433,23.0600959
Romania,Alba,SCOARŢA,46.4362723,22.7665607
Romania,Alba,Bogdăneşti,46.3647139,22.9898524
Romania,Alba,DUMITRA,46.0967229,23.6829494
Romania,Alba,Veza,46.1674728,23.9247009
Romania,Alba,Curmătura,46.3432533,23.2265845
Romania,Alba,DILIMANI,46.35582,23.01309
Romania,Alba,Ampoita,46.1176088,23.4501112
Romania,Alba,Răcătău,46.0331188,23.3255718
Romania,Alba,Fântânele,46.028942,23.2687307
Romania,Alba,TAUTI,46.0959678,23.4674665
Romania,Alba,Bradeana,46.3322941,22.977928
Romania,Alba,Rîmeţ,47.136483,4.488986
Romania,Alba,DEAL,45.8574143,23.6232836
Romania,Alba,SARTĂŞ,46.3921678,23.2958744
Romania,Alba,Lunca Ampoitei,46.1399477,23.3851805
Romania,Alba,GIURGIUT,46.5213956,22.9500997
Romania,Alba,POPESTII DE JOS,46.3989036,22.9569304
Romania,Alba,TRIFESTI,46.3207881,23.2012252
Romania,Alba,VÎLTORI,46.1456423,23.214694
Romania,Alba,LUNCA MERILOR,46.3672281,23.0976288
Romania,Alba,POŞAGA DE SUS,46.4627373,23.3821963
Romania,Alba,MORĂREŞTI,46.2226146,23.0239488
Romania,Alba,CASA DE PIATRA,46.5351429,22.7841348
Romania,Alba,OCOLIŞ,46.4787354,23.4660799
Romania,Alba,Sasa,46.3362613,23.2114217
Romania,Alba,Dealu Roatei,46.1234742,23.1545938
Romania,Alba,NICULEŞTI,46.5046054,22.9568723
Romania,Alba,Cărţuleşti,46.3857878,22.7899895
Romania,Alba,FAGETU DE SUS,46.3968346,22.8379671
Romania,Alba,ŞPĂLNACA,46.341242,23.908668
Romania,Alba,COBLES,46.4939083,22.7361852
Romania,Alba,CIULDESTI,46.3942213,23.1081057
Romania,Alba,Ruşi,46.2149526,23.126566
Romania,Alba,DOSTAT,45.9708837,23.8427881
Romania,Alba,Lunca Arieşului,46.4394945,23.4594869
Romania,Alba,Arieseni,46.4762447,22.7579046
Romania,Alba,BURZESTI,46.4013084,22.9486804
Romania,Alba,FATA LAPUSULUI,46.4680274,22.7695128
Romania,Alba,LUNCA GOIEŞTI,46.3758017,22.9147585
Romania,Alba,CREŢEŞTI,46.3579327,23.1058901
Romania,Alba,RĂDEŞTI,46.2729365,23.7235506
Romania,Alba,Luncă,46.3742522,22.9099709
Romania,Alba,Sicoieşti,46.3435993,22.9786969
Romania,Alba,Bârsana,45.755115,23.5650447
Romania,Alba,IVANIS,46.2267893,23.3906658
Romania,Alba,Lumineşti,46.3294992,22.9561474
Romania,Alba,Jojei,46.3494539,22.8386609
Romania,Alba,Daroaia,46.2959138,23.0383407
Romania,Alba,Cîmpu Goblii,45.99894,23.44959
Romania,Alba,GLOGOVEŢ,46.1483394,24.0085952
Romania,Alba,SEBESEL,45.8876792,23.5656543
Romania,Alba,Ghioncani,46.2415231,23.328575
Romania,Alba,RACHITA,45.8753342,23.5170715
Romania,Alba,SEUSA,46.0597111,23.6273924
Romania,Alba,SUSENI,46.0991578,23.2442498
Romania,Alba,HODIŞEŞTI,46.3960515,23.0860431
Romania,Alba,POI,11.45,-2.56667
Romania,Alba,Podul lui Paul,45.82626,23.606971
Romania,Alba,Faţa Pietrii,46.2860652,23.517871
Romania,Alba,SALCIUA DE JOS,46.3985516,23.4212175
Romania,Alba,BETA,46.2567315,23.815076
Romania,Alba,Lunca Metesului,46.1396463,23.3664818
Romania,Alba,Popesti,46.2578034,23.3953133
Romania,Alba,MIHALT,46.16005,23.7252731
Romania,Alba,LESPEZEA,46.4761233,22.9025008
Romania,Alba,DEALU CAPSEI,46.4051463,23.0677048
Romania,Alba,Văseşti,46.3787794,22.9038264
Romania,Alba,Cobles,46.4939083,22.7361852
Romania,Alba,CENADE,46.05872,24.0089171
Romania,Alba,CĂPTĂLAN,46.4092081,23.9417168
Romania,Alba,Valea Fagetului,46.3489588,23.5122942
Romania,Alba,Vladesti,46.3080485,23.5586775
Romania,Alba,Izbita,46.243203,23.1425985
Romania,Alba,IZBICIOARA,46.2434888,23.1664817
Romania,Alba,BODRESTI,46.2720171,22.9735738
Romania,Alba,GOAŞELE,45.7778636,23.4625922
Romania,Alba,Băi,46.3363589,22.9159423
Romania,Alba,LUNCA MURESULUI,46.4280752,23.9097312
Romania,Alba,SECĂŞEL,46.0950437,23.80973
Romania,Alba,Cricau,46.1755773,23.5698624
Romania,Alba,FATA ABRUDULUI,46.3489062,23.0590769
Romania,Alba,VURPAR,46.0040301,23.472674
Romania,Alba,Gârboviţa,46.2810209,23.6413953
Romania,Alba,Bobaresti,46.3416092,22.9865076
Romania,Alba,LUPĂIEŞTI,46.4124337,22.9006024
Romania,Alba,HOANCA,46.3439799,22.9193052
Romania,Alba,Medves,46.307009,24.0641639
Romania,Alba,VALEA GHIOGHESTI,46.38072,23.22753
Romania,Alba,NEGEŞTI,46.5128245,22.8591462
Romania,Alba,Fagetu de Jos,46.4031333,22.9072937
Romania,Alba,NELEGEŞTI,46.3441195,23.0056538
Romania,Alba,COCESTI,46.3613288,22.8122985
Romania,Alba,Mătăcina,46.0370477,23.4260024
Romania,Alba,POIENIŢA,46.0321861,23.456221
Romania,Alba,BODESTI,46.4118232,22.987402
Romania,Alba,Valea Albă,46.2541065,23.2084485
Romania,Alba,Sfoartea,46.5245662,22.8460004
Romania,Alba,LUMINEŞTI,46.3294992,22.9561474
Romania,Alba,CIOARA DE SUS,46.3762125,23.3147483
Romania,Alba,Glogoveţ,46.1483394,24.0085952
Romania,Alba,Raviceşti,46.4844611,22.7773822
Romania,Alba,FĂGETU DE SUS,46.3968346,22.8379671
Romania,Alba,DĂNDUŢ,46.35808,23.0930557
Romania,Alba,Viltori,46.1456423,23.214694
Romania,Alba,Dostat,45.9708837,23.8427881
Romania,Alba,PODUL LUI PAUL,45.82626,23.606971
Romania,Alba,Rahau,45.9039451,23.6206531
Romania,Alba,Miraslau,46.3643618,23.7080214
Romania,Alba,PIŢIGA,46.372893,23.168693
Romania,Alba,CUCUTĂ,45.9893785,23.2575051
Romania,Alba,VALEA MARE,46.0221063,23.2607146
Romania,Alba,GEOGEL,46.3097148,23.3821884
Romania,Alba,PĂNTEŞTI,46.4770705,22.7782378
Romania,Alba,CORNA,46.2886687,23.1254222
Romania,Alba,BUTEŞTI,46.2975524,23.3489856
Romania,Alba,GHIRBOM,46.0347609,23.7232888
Romania,Alba,GĂBUD,46.4093634,24.0114517
Romania,Alba,VALE ÎN JOS,46.349477,23.4355378
Romania,Alba,Băleşti,46.4164547,23.0952267
Romania,Alba,Vâlcea,46.2662216,23.1636492
Romania,Alba,CASOAIA,46.3879907,22.7607339
Romania,Alba,Şoimuş,46.2269001,23.7854329
Romania,Alba,Lipaia,46.3902058,23.0872014
Romania,Alba,Tecşeşti,46.2745487,23.4789228
Romania,Alba,SUCEŞTI,46.4371632,22.7958796
Romania,Alba,DEALU BAJULUI,46.4548973,22.780492
Romania,Alba,Dealu Lămăşoi,46.486103,22.9863903
Romania,Alba,VIRSI,55.32089,22.7173
Romania,Alba,CORNU,46.2212314,23.8151514
Romania,Alba,HOANCĂ,46.3439799,22.9193052
Romania,Alba,VÎRŞII MICI,46.34788,23.11512
Romania,Alba,Lazesti,46.4197694,22.9393749
Romania,Alba,Sona,46.2192568,24.0160474
Romania,Alba,DRĂGOIEŞTI-LUNCA,46.3661496,22.9812614
Romania,Alba,Spatac,46.1385917,23.9407582
Romania,Alba,CUNTA,45.9251054,23.7225461
Romania,Alba,Coasta Vîscului,46.31261,23.05858
Romania,Alba,ROSIA MONTANA,46.3062526,23.1309849
Romania,Alba,BUBEŞTI,46.50556,22.70384
Romania,Alba,BĂRBEŞTI,46.2759881,23.3320849
Romania,Alba,CICĂU,46.3999668,23.6792498
Romania,Alba,BIRSANA,45.755115,23.5650447
Romania,Alba,Cisteiu de Mures,46.3774928,23.8130712
Romania,Alba,Bolovăneşti,45.9997003,23.2550632
Romania,Alba,MOTORĂŞTI,46.3771932,23.0427342
Romania,Alba,DEALU BISTRII,46.3756433,23.0600959
Romania,Alba,BURZONEŞTI,46.3677429,23.0086783
Romania,Alba,COJOCANI,46.2829018,23.3684924
Romania,Alba,LODROMAN,46.1179168,24.0741036
Romania,Alba,TECŞEŞTI,46.2745487,23.4789228
Romania,Alba,Saracsau,45.9450174,23.3071232
Romania,Alba,Vârşii Mici,46.3480355,23.1160182
Romania,Alba,Soal,46.3320221,23.0696481
Romania,Alba,Crişeni,46.0415421,23.4903234
Romania,Alba,GÎRDA-BĂRBULEŞTI,46.3292693,23.1174124
Romania,Alba,PÎRÂU GRUIULUI,46.147939,23.188648
Romania,Alba,Vadu Motilor,46.3950087,22.9667152
Romania,Alba,DEALU LAMASOI,46.486103,22.9863903
Romania,Alba,TOMUŢEŞTI,46.4129752,22.9277885
Romania,Alba,GROŞI,46.0051744,23.2457988
Romania,Alba,Valea Alba,46.2541065,23.2084485
Romania,Alba,GURA ROŞIEI,46.3091464,23.0574533
Romania,Alba,STURU,46.4663084,22.7883885
Romania,Alba,Mărteşti,46.3581349,22.8629409
Romania,Alba,Bidigeşti,46.2599326,23.0179529
Romania,Alba,Virsi,55.32089,22.7173
Romania,Alba,Fagetu de Sus,46.3968346,22.8379671
Romania,Alba,FĂGETU DE JOS,46.4031333,22.9072937
Romania,Alba,IGNĂŢEŞTI,46.3080013,23.082085
Romania,Alba,BRADESTI,46.3328344,23.4699713
Romania,Alba,Girda Seaca,46.4778226,22.8117659
Romania,Alba,VÎRŞI,55.32089,22.7173
Romania,Alba,Galati,46.0902344,23.2934995
Romania,Alba,Dealu Ferului,46.0013669,23.4393475
Romania,Alba,VALEA UTULUI,46.3496534,22.822576
Romania,Alba,Vârşi-Ronţu,46.3465578,23.158407
Romania,Alba,Sasciori,45.8784938,23.5765045
Romania,Alba,Răchiş,46.3948624,23.6262039
Romania,Alba,NEGESTI,46.5128245,22.8591462
Romania,Alba,Brădet,46.1066584,23.0939783
Romania,Alba,Rachiş,46.3948624,23.6262039
Romania,Alba,Şasa,46.3362613,23.2114217
Romania,Alba,Pastesti,46.3981198,22.825161
Romania,Alba,MUGESTI,45.8135999,23.4510793
Romania,Alba,VALEA ŞESII,46.2754492,23.1801879
Romania,Alba,COSLARIU,46.1578128,23.6882775
Romania,Alba,Casa de Piatra,46.5351429,22.7841348
Romania,Alba,AVRĂMEŞTI,46.3914284,22.8238333
Romania,Alba,Cocoşeşti,46.3741749,22.8119822
Romania,Alba,Valea Măciului,46.3408471,22.8285125
Romania,Alba,NĂPĂIEŞTI,46.3494091,23.012779
Romania,Alba,BACAINTI,45.9418041,23.2823595
Romania,Alba,PLESESTI,46.447423,22.9317324
Romania,Alba,Dilimani,46.35582,23.01309
Romania,Alba,ALECUŞ,46.2912773,23.9979391
Romania,Alba,GOIEŞTI,46.3773256,22.9248432
Romania,Alba,Noslac,46.4042792,23.9328441
Romania,Alba,Dobrot,46.1739018,23.1396567
Romania,Alba,Cergau Mic,46.0830846,23.9406819
Romania,Alba,MĂMĂLIGANI,46.2932641,23.2789351
Romania,Alba,CERBU,46.2463665,23.1067287
Romania,Alba,Valea Mare,46.0221063,23.2607146
Romania,Alba,PIRAU GRUIULUI,46.147939,23.188648
Romania,Alba,STÎNA DE MUREŞ,33.578621,-79.189909
Romania,Alba,LUNCA GOIESTI,46.3758017,22.9147585
Romania,Alba,Trişoreşti,46.4128701,23.1330619
Romania,Alba,Vîltori,46.1456423,23.214694
Romania,Alba,PĂTRĂHĂITEŞTI,46.4462853,22.7433549
Romania,Alba,LĂZEŞTI,46.4197694,22.9393749
Romania,Alba,VILTORI,46.1456423,23.214694
Romania,Alba,COASTA HENŢII,46.3125925,23.0584834
Romania,Alba,ROGOZ,46.4269229,22.9640037
Romania,Alba,ORĂŞTI,46.4500532,23.3390329
Romania,Alba,PETELCA,46.2213921,23.736705
Romania,Alba,Bilanesti,46.3392087,22.9963915
Romania,Alba,Tolăceşti,46.3526489,23.1449072
Romania,Alba,Bocşitura,45.7660027,23.4329304
Romania,Alba,COLTESTI,46.4214978,23.5597917
Romania,Alba,ROŞIA MONTANĂ,46.3062526,23.1309849
Romania,Alba,Lupsa,46.3687494,23.2060259
Romania,Alba,Poduri-Bricesti,46.4130161,22.9562834
Romania,Alba,Tarina,46.312992,23.1251841
Romania,Alba,Pânca,46.2247245,23.887995
Romania,Alba,Sat Bălcaciu - Com. Jidvei,21.520668,-157.994294
Romania,Alba,TOMEŞTI,46.2993459,23.3642269
Romania,Alba,PLEŞCUŢA,46.3616645,22.9533055
Romania,Alba,Botesti,46.1808969,23.1509005
Romania,Alba,GURA ROSIEI,46.3091464,23.0574533
Romania,Alba,VIDRISOARA,46.3444701,22.8268749
Romania,Alba,DEALU ORDÎNCUŞII,46.491397,22.969833
Romania,Alba,Valea Birlutesti,46.38072,23.22753
Romania,Alba,Cheleţeni,46.4472092,23.0945794
Romania,Alba,Pătruţeşti,46.3741928,22.8534082
Romania,Alba,Cunta,45.9251054,23.7225461
Romania,Alba,TARTARIA,45.9334267,23.4120734
Romania,Alba,VLĂDEŞTI,46.3080485,23.5586775
Romania,Alba,Remetea,46.1199665,23.4275684
Romania,Alba,DOBREŞTI,46.4696374,22.8210021
Romania,Alba,Mihalt,46.16005,23.7252731
Romania,Alba,Dealu Ordâncuşii,46.5121393,22.8398544
Romania,Alba,Oraş Câmpeni,46.362483,23.041842
Romania,Alba,Năpăieşti,46.3494091,23.012779
Romania,Alba,Poiana Galdei,46.2417787,23.5317217
Romania,Alba,TĂU,46.070674,23.8421897
Romania,Alba,DURĂŞTI,46.4279888,23.0990603
Romania,Alba,TOMUTESTI,46.4129752,22.9277885
Romania,Alba,Almasu de Mijloc,46.0669338,23.1065426
Romania,Alba,FATA-LĂZEŞTI,46.4303722,22.8566748
Romania,Alba,Beta,46.2567315,23.815076
Romania,Alba,Vârtăneşti,46.3727441,22.9548691
Romania,Alba,HAPRIA,46.0808212,23.6691322
Romania,Alba,CISTEIU DE MURES,46.3774928,23.8130712
Romania,Alba,RAVICESTI,46.4844611,22.7773822
Romania,Alba,Ganesti,46.3901131,23.1299078
Romania,Alba,Mihoesti,46.370427,23.0250249
Romania,Alba,Valea Uţului,46.3496534,22.822576
Romania,Alba,Urdeş,46.3710556,22.9429834
Romania,Alba,Boldeşti,46.342671,22.8378749
Romania,Alba,PĂDUREA TĂUŢI,46.09606,23.46783
Romania,Alba,Dumeşti,46.3825746,23.4440325
Romania,Alba,Popeşti,46.2578034,23.3953133
Romania,Alba,Cergau Mare,46.0987226,23.9228248
Romania,Alba,MICOSLACA,46.3701231,23.7932625
Romania,Alba,TIRSA,46.3820208,22.797178
Romania,Alba,BUCERDEA GRINOASA,46.191292,23.838742
Romania,Alba,Dosu Luncii,46.3649822,22.9063003
Romania,Alba,Fata-Lăzeşti,46.4303722,22.8566748
Romania,Alba,Pirau Gruiului,46.147939,23.188648
Romania,Alba,Pănteşti,46.4770705,22.7782378
Romania,Alba,NECRILESTI,46.2098246,23.3658312
Romania,Alba,Micesti,46.1013257,23.5557314
Romania,Alba,BAIA DE ARIES,46.3802511,23.2812063
Romania,Alba,Tirsa,46.3820208,22.797178
Romania,Alba,GALATI,46.0902344,23.2934995
Romania,Alba,METES,46.0973598,23.424221
Romania,Alba,Inuri,46.0445398,23.4546879
Romania,Alba,SPRING,45.9745886,23.7773831
Romania,Alba,Gheţari,46.4908252,22.8222814
Romania,Alba,Calugaresti,46.3990635,22.7854413
Romania,Alba,PICLISA,46.048157,23.515023
Romania,Alba,Dealu Ordîncuşii,46.491397,22.969833
Romania,Alba,Costesti,46.4859101,22.9066731
Romania,Alba,VALTORI,46.1456423,23.214694
Romania,Alba,Vîrtop,46.3241289,23.0922451
Romania,Alba,Dandut,46.35808,23.0930557
Romania,Alba,Sibot,45.9410607,23.3361763
Romania,Alba,ROSIA DE SECAS,46.0569522,23.8886492
Romania,Alba,Dealul Caselor,46.365914,22.875197
Romania,Alba,Spring,45.9745886,23.7773831
Romania,Alba,BRAZESTI,46.398486,23.3185118
Romania,Alba,Martinie,45.7899923,23.5832396
Romania,Alba,Valea Lunga,46.1259241,24.045406
Romania,Alba,COLEŞENI,46.254921,23.1278557
Romania,Alba,Musca,46.3566626,23.1712354
Romania,Alba,GURA CORNEI,46.2613777,23.0906911
Romania,Alba,ROŞIA MONTANA,46.3062526,23.1309849
Romania,Alba,Hapria,46.0808212,23.6691322
Romania,Alba,Sat Rogoz - Com. Albac,47.65098,23.556028
Romania,Alba,Sălăgeşti,46.4006637,23.0821329
Romania,Alba,Seusa,46.0597111,23.6273924
Romania,Alba,Lunca Tirnavei,46.37808,22.94484
Romania,Alba,RIMET,47.136483,4.488986
Romania,Alba,Pătrăhăiteşti,46.4462853,22.7433549
Romania,Alba,GARDE,46.3875887,23.1429209
Romania,Alba,RAMETEA,46.4531027,23.5676421
Romania,Alba,GLOGOVET,46.1483394,24.0085952
Romania,Alba,Magina,46.341599,23.6545391
Romania,Alba,Petelei,46.4184559,22.829909
Romania,Alba,Matisesti,46.5088872,22.9023014
Romania,Alba,BUBESTI,46.50556,22.70384
Romania,Alba,Gîrda Seacă,46.4778226,22.8117659
Romania,Alba,Valea Lupsii,46.38072,23.2275329
Romania,Alba,Fenes,46.1043071,23.2951099
Romania,Alba,DRASOV,45.9375707,23.7425356
Romania,Alba,Brazesti,46.398486,23.3185118
Romania,Alba,PLESI,45.8075052,23.5918931
Romania,Alba,BONCEŞTI,46.3607207,23.0730573
Romania,Alba,INTREGALDE,46.2376561,23.4116184
Romania,Alba,CAMPENI,46.3648431,23.0508775
Romania,Alba,Runcuri,46.414552,23.155814
Romania,Alba,Puiuleteşti,46.3692555,22.9960131
Romania,Alba,Turdas,46.3062032,23.9184091
Romania,Alba,GARDA DE SUS,46.4554349,22.8285529
Romania,Alba,Dealu Capsei,46.4051463,23.0677048
Romania,Alba,Robeşti,46.3006677,22.9911788
Romania,Alba,Tomnatec,46.4348412,23.0917028
Romania,Alba,STANA DE MURES,46.4250403,23.9957848
Romania,Alba,Vidrisoara,46.3444701,22.8268749
Romania,Alba,Valea Mica,46.0793915,23.279207
Romania,Alba,Silivas,46.3414826,23.8758517
Romania,Alba,Rimet,47.136483,4.488986
Romania,Alba,STAUINI,46.0328196,23.4901732
Romania,Alba,SARTAS,46.3921678,23.2958744
Romania,Alba,Piclisa,46.048157,23.515023
Romania,Alba,POŞAGA,46.4408159,23.4244644
Romania,Alba,HODISESTI,46.3960515,23.0860431
Romania,Alba,Blideşti,46.3010097,23.0906831
Romania,Alba,Balcaciu,46.1912174,24.0613946
Romania,Alba,IZVORU AMPOIULUI,46.1447453,23.1759997
Romania,Alba,Stremt,46.2217171,23.6395043
Romania,Alba,Zărieş,46.1835427,23.7054222
Romania,Alba,Pîrâu Gruiului,46.147939,23.188648
Romania,Alba,VALEA GOBLII,46.0032675,23.4509475
Romania,Alba,Ilieşti,46.2737613,23.3871268
Romania,Alba,BARASTI,46.4585008,22.9941031
Romania,Alba,BUCERDEA GRANOASA,46.1928374,23.8395519
Romania,Alba,NOVACESTI,46.4234051,23.1378439
Romania,Alba,Tomutesti,46.4129752,22.9277885
Romania,Alba,CÎMPU GOBLII,45.99894,23.44959
Romania,Alba,TEIU¸,46.5078302,22.9828835
Romania,Alba,Zăgriş,46.2272267,23.5415863
Romania,Alba,GANESTI,46.3901131,23.1299078
Romania,Alba,FURDUIESTI,46.3348959,23.07939
Romania,Alba,Tauni,46.1506829,24.1316394
Romania,Alba,Birsana,45.755115,23.5650447
Romania,Alba,Pianu,45.82162175,23.48971371
Romania,Alba,Manastire,46.3825412,23.1709981
Romania,Alba,CERU-BACAINTI,45.9736942,23.271899
Romania,Alba,Drăgoieşti-Lunca,46.3661496,22.9812614
Romania,Alba,SANCEL,46.200119,23.9457599
Romania,Alba,VALEA SASULUI,46.2856136,24.0299594
Romania,Alba,Bagau,46.3104689,23.7939864
Romania,Alba,BRĂDEŞTI,46.3328344,23.4699713
Romania,Alba,MĂHĂCENI,46.4466857,23.742964
Romania,Alba,Ficăreşti,46.3835616,22.9619311
Romania,Alba,BOGLESTI,46.2561813,23.0118994
Romania,Alba,Plesesti,46.447423,22.9317324
Romania,Alba,Salciua de Sus,46.3936744,23.40244
Romania,Alba,CAPUD,46.205648,23.7255093
Romania,Alba,SANCRAI,46.2937897,23.7508991
Romania,Alba,Ciuldesti,46.3942213,23.1081057
Romania,Alba,MAGURA,46.2467922,23.1436061
Romania,Alba,HOPARTA,46.3213371,23.8724447
Romania,Alba,Valea Maciului,46.3408471,22.8285125
Romania,Alba,Rătitiş,46.4058623,23.0908058
Romania,Alba,Goaşele,45.7778636,23.4625922
Romania,Alba,Cimpu Goblii,45.99894,23.44959
Romania,Alba,Patrângeni,46.0895612,23.2637184
Romania,Alba,Dealu Crişului,46.3365285,22.8410482
Romania,Alba,Tauti,46.0959678,23.4674665
Romania,Alba,Valeni,46.2776426,23.1563895
Romania,Alba,GARBOVITA,46.2810209,23.6413953
Romania,Alba,Fata-Lazesti,46.4303722,22.8566748
Romania,Alba,Muntari,46.3007398,23.1576143
Romania,Alba,Goiesti,46.3773256,22.9248432
Romania,Alba,Sorlita,46.3797279,23.0087708
Romania,Alba,Scoarta,46.4362723,22.7665607
Romania,Alba,După Plese,46.4360204,22.9437499
Romania,Alba,VLĂDOŞEŞTI,46.3437405,23.0175321
Romania,Alba,BILANESTI,46.3392087,22.9963915
Romania,Alba,IACOBEŞTI,46.3079199,23.0683944
Romania,Alba,FAŢA PIETRII,46.2860652,23.517871
Romania,Alba,ACMARIU,45.965968,23.3624858
Romania,Alba,POŞAGA DE JOS,46.4308885,23.4389112
Romania,Alba,Onceşti,46.3013563,23.4163773
Romania,Alba,Bubesti,46.50556,22.70384
Romania,Alba,Nămas,46.3990265,23.1279392
Romania,Alba,Fata Cristesei,46.4918858,22.7634854
Romania,Alba,CIMPU GOBLII,45.99894,23.44959
Romania,Alba,Curpeni,45.9845724,23.2824568
Romania,Alba,TAU BISTRA,45.683479,23.5855132
Romania,Alba,Dolesti,46.3689728,22.8395055
Romania,Alba,Rachita,45.8753342,23.5170715
Romania,Alba,Ciuculesti,46.2616482,23.1855743
Romania,Alba,Necsesti,46.3888175,22.9899848
Romania,Alba,CAPALNA,45.8471737,23.6041167
Romania,Alba,Hodisesti,46.3960515,23.0860431
Romania,Alba,STINA DE MURES,33.578621,-79.189909
Romania,Alba,NEMESI,46.3640737,22.8765507
Romania,Alba,Ocnisoara,46.2533423,23.8770529
Romania,Alba,Dealu Lamasoi,46.486103,22.9863903
Romania,Alba,CURPENI,45.9845724,23.2824568
Romania,Alba,ORMENIŞ,46.3967342,23.7179435
Romania,Alba,Coltesti,46.4214978,23.5597917
Romania,Alba,Segaj,46.3808503,22.8594177
Romania,Alba,Bulbuc,46.0210682,23.2945429
Romania,Alba,Abrud-Sat,46.281807,23.0607022
Romania,Alba,INCESTI,46.3576451,22.858877
Romania,Alba,Vîrşii Mici,46.34788,23.11512
Romania,Alba,IGNATESTI,46.3080013,23.082085
Romania,Alba,Ambru,46.38333,23.28333
Romania,Alba,Vladosesti,46.3437405,23.0175321
Romania,Alba,TAU,46.070674,23.8421897
Romania,Alba,VAMA SEACA,46.346467,23.9419554
Romania,Alba,Valea Vintului,46.0176378,23.4558766
Romania,Alba,Valea Verde,46.3111757,22.9497937
Romania,Alba,Valisoara,46.3884675,23.5625669
Romania,Alba,Scarisoara,46.4571581,22.8776176
Romania,Alba,Cucută,45.9893785,23.2575051
Romania,Alba,DAMBURENI,46.414568,23.0694635
Romania,Alba,Şimoceşti,46.3114533,23.0016947
Romania,Alba,Cornu,46.2212314,23.8151514
Romania,Alba,Novăceşti,46.4234051,23.1378439
Romania,Alba,Groşi,46.0051744,23.2457988
Romania,Alba,STEI-ARIESENI,46.4685449,22.7540439
Romania,Alba,Gura Rosiei,46.3091464,23.0574533
Romania,Alba,Vurpar,46.0040301,23.472674
Romania,Alba,Vale in Jos,46.349477,23.4355378
Romania,Alba,Bogdanesti,46.3647139,22.9898524
Romania,Alba,Potionci,46.4416031,22.9284002
Romania,Alba,Sartas,46.3921678,23.2958744
Romania,Alba,ŞIMOCEŞTI,46.3114533,23.0016947
Romania,Alba,NECRILEŞTI,46.2098246,23.3658312
Romania,Alba,Cionesti,46.4722054,22.9852338
Romania,Alba,Fata,46.4631666,22.9621107
Romania,Alba,SPALNACA,46.341242,23.908668
Romania,Alba,Pîrâu lui Mihai,46.01265,23.48445
Romania,Alba,COASTA HENTII,46.3125925,23.0584834
Romania,Alba,BIRLESTI-CATUN,46.435218,23.090534
Romania,Alba,SARACSAU,45.9450174,23.3071232
Romania,Alba,Valea Bîrluţeşti,46.38072,23.22753
Romania,Alba,Dealul Roatei,46.365914,22.875197
Romania,Alba,Telna,46.1654534,23.4962266
Romania,Alba,Ocolis,46.4787354,23.4660799
Romania,Alba,VALEA UZEI,46.3158071,23.5106213
Romania,Alba,GURA ARIEŞULUI,46.4293542,23.955528
Romania,Alba,Captalan,46.4092081,23.9417168
Romania,Alba,Puiuletesti,46.3692555,22.9960131
Romania,Alba,HODOBANA,46.5177204,22.7716208
Romania,Alba,Baia de Aries,46.3802511,23.2812063
Romania,Alba,Balomiru de Cimp,45.941252,23.35787
Romania,Alba,Vama Seaca,46.346467,23.9419554
Romania,Alba,TAUNI,46.1506829,24.1316394
Romania,Alba,CRETESTI,46.3579327,23.1058901
Romania,Alba,VULCAN,46.2404965,22.9734223
Romania,Alba,Măţei,46.4285067,22.8843796
Romania,Alba,VALEA POIENII,46.2252053,23.1427118
Romania,Alba,Fata Lapusului,46.4680274,22.7695128
Romania,Alba,VALEA TUPILOR,46.2658209,23.2689623
Romania,Alba,SANMICLAUS,46.2470561,24.0555185
Romania,Alba,Cocesti,46.3613288,22.8122985
Romania,Alba,Ivanis,46.2267893,23.3906658
Romania,Alba,Spătac,46.1385917,23.9407582
Romania,Alba,Hanasesti,46.3914367,22.8534105
Romania,Alba,Olteni,46.3423708,23.5317126
Romania,Alba,Sălciua,46.3985516,23.4212175
Romania,Alba,Pitărceşti,46.3704367,23.0006033
Romania,Alba,Hoancă,46.3439799,22.9193052
Romania,Alba,Bîrsana,45.755115,23.5650447
Romania,Alba,Valea Sesii,46.2754492,23.1801879
Romania,Alba,BUTESTI,46.2975524,23.3489856
Romania,Alba,Hadarau,46.3640227,23.2053223
Romania,Alba,PODURI,46.351007,23.0472876
Romania,Alba,MODOLESTI,46.3777059,22.8753248
Romania,Alba,Boceşti,46.2842236,23.3470616
Romania,Alba,COLESENI,46.254921,23.1278557
Romania,Alba,BOGDĂNEŞTI,46.3647139,22.9898524
Romania,Alba,Stăuini,46.0328196,23.4901732
Romania,Alba,Veseus,46.2751276,24.1425008
Romania,Alba,UIOARA DE JOS,46.3711843,23.8364376
Romania,Alba,VARTOP,46.3241289,23.0922451
Romania,Alba,Gura Ariesului,46.4293542,23.955528
Romania,Alba,Magura,46.2467922,23.1436061
Romania,Alba,GURA ARIESULUI,46.4293542,23.955528
Romania,Alba,Girde,34.829524,-82.371628
Romania,Alba,SECASEL,46.0950437,23.80973
Romania,Alba,Haiducesti,46.394464,22.9294498
Romania,Alba,Coslariu,46.1578128,23.6882775
Romania,Alba,PIRAU LUI MIHAI,46.01265,23.48445
Romania,Alba,Drasov,45.9375707,23.7425356
Romania,Alba,Farau,46.3379675,24.0078593
Romania,Alba,Necrilesti,46.2098246,23.3658312
Romania,Alba,Borlesti,46.4096858,23.0063819
Romania,Alba,Sagagea,46.486726,23.3144571
Romania,Alba,Silea,46.3269851,24.1139345
Romania,Alba,Mahaceni,46.4466857,23.742964
Romania,Alba,FURDUIEŞTI,46.3348959,23.07939
Romania,Alba,PESTE VALEA BISTRII,46.4445714,23.032649
Romania,Alba,SĂRĂCSĂU,45.9450174,23.3071232
Romania,Alba,MĂRTEŞTI,46.3581349,22.8629409
Romania,Alba,CALUGARESTI,46.3990635,22.7854413
Romania,Alba,Coleseni,46.254921,23.1278557
Romania,Alba,CALNIC,45.8873438,23.658829
Romania,Alba,Stiuleti,46.4543317,22.9170053
Romania,Alba,ODVEREM,46.2584466,23.8384435
Romania,Alba,PELEŞ,46.336285,22.9832645
Romania,Alba,MODOLEŞTI,46.3777059,22.8753248
Romania,Alba,RUSEŞTI,46.4804585,22.9608031
Romania,Alba,Zarieş,46.1835427,23.7054222
Romania,Alba,Ciocaşu,46.041206,23.4738168
Romania,Alba,Modolesti,46.3777059,22.8753248
Romania,Alba,Gligoreşti,46.3842246,22.845083
Romania,Alba,HADARAU,46.3640227,23.2053223
Romania,Alba,Moraresti,46.2226146,23.0239488
Romania,Alba,TOTESTI,46.4252723,22.933598
Romania,Alba,Valea Ghiogheşti,46.38072,23.22753
Romania,Alba,Spalnaca,46.341242,23.908668
Romania,Alba,Garbova de Jos,46.2576809,23.6674527
Romania,Alba,Hoparta,46.3213371,23.8724447
Romania,Alba,Sancrai,46.2937897,23.7508991
Romania,Alba,Garbova,45.8605152,23.723625
Romania,Alba,Drambar,46.076592,23.6301388
Romania,Alba,Gambas,46.3460702,23.7236464
Romania,Alba,Sanmiclăuş,46.2470561,24.0555185
Romania,Alba,Căpalna,45.8471737,23.6041167
Romania,Alba,DaMBURENI,46.414568,23.0694635
Romania,Alba,SaNMICLĂUŞ,46.2470561,24.0555185
Romania,Alba,TRaMPOIELE,46.1478138,23.1507343
Romania,Alba,CĂPaLNA DE JOS,46.2399974,24.113037
Romania,Alba,CĂPaLNA,45.8471737,23.6041167
Romania,Alba,SaNCRAI,46.2937897,23.7508991
Romania,Alba,CaRŢULEŞTI,46.3857878,22.7899895
Romania,Alba,GaRBOVA,45.8605152,23.723625
Romania,Alba,GaRBOVA DE JOS,46.2576809,23.6674527
Romania,Alba,HOPaRTA,46.3213371,23.8724447
Romania,Alba,GaRBOVA DE SUS,46.2927984,23.6229819
Romania,Alba,DaRLEŞTI,46.5244428,22.9139089
Romania,Alba,DRaMBAR,46.076592,23.6301388
Romania,Alba,Garboviţa,46.2810209,23.6413953
Romania,Alba,BaRZOGANI,46.3052945,23.347299
Romania,Alba,BaRLEŞTI,46.3590851,23.127285
Romania,Alba,Darleşti,46.5244428,22.9139089
Romania,Alba,GaMBAS,46.3460702,23.7236464
Romania,Alba,Dambureni,46.414568,23.0694635
Romania,Alba,SaNBENEDIC,46.3144597,24.0499438
Romania,Alba,Barleşti,46.3590851,23.127285
Romania,Alba,Căpalna de Jos,46.2399974,24.113037
Romania,Alba,TĂTaRLAUA,46.2027587,24.1666812
Romania,Alba,PATRaNGENI,46.0895612,23.2637184
Romania,Alba,Trampoiele,46.1478138,23.1507343
Romania,Alba,VaLCAN,47.9857317,4.2099845
Romania,Alba,GaRBOVIŢA,46.2810209,23.6413953
Romania,Alba,Carăşti,46.3782504,22.8341863
Romania,Alba,Santămarie,46.2425202,24.1453051
Romania,Alba,Candeşti,46.4156402,22.7672704
Romania,Alba,CaNDEŞTI,46.4156402,22.7672704
Romania,Alba,Vartăneşti,46.3727441,22.9548691
Romania,Alba,BaRZANI,27.1375,61.5292
Romania,Alba,VaRTĂNEŞTI,46.3727441,22.9548691
Romania,Alba,Garbova de Sus,46.2927984,23.6229819
Romania,Alba,TRaNCEŞTI,46.4816103,22.8681441
Romania,Alba,Carţuleşti,46.3857878,22.7899895
Romania,Alba,Patrangeni,46.0895612,23.2637184
Romania,Alba,Tătarlaua,46.2027587,24.1666812
Romania,Alba,Zanzeşti,46.5335674,22.9571459
Romania,Alba,Barzani,27.1375,61.5292
Romania,Alba,Valceşti,46.387518,22.8798224
Romania,Alba,Sanbenedic,46.3144597,24.0499438
Romania,Alba,Valcăneasa,46.3661454,22.938175
Romania,Alba,Fantanele,46.028942,23.2687307
Romania,Alba,Valcan,47.9857317,4.2099845
Romania,Alba,Barzogani,46.3052945,23.347299
